,retiro,entrega,tamano,opcion_de_entrega,cantidad_de_paquetes,cantidad_de_asistentes,lat_retiro,lng_retiro,lat_entrega,lng_entrega,km,precio
47,"19 de abril 1213, Montevideo Uruguay","Copacabana 6808, Montevideo Uruguay",small,express,2,1,-34.8443465,-56.250894,-34.8838262,-56.0466473,19.18277008,1692
25,"Eulogio Caballero, Montevideo Uruguay","Copacabana 6808, Montevideo Uruguay",small,express,2,1,-34.8535167,-56.2452851,-34.8838262,-56.0466473,18.47083805,1467
78,"Copacabana 6808, Montevideo Uruguay","Carlos Tellier, Montevideo, Uruguay",small,express,2,1,-34.8838262,-56.0466473,-34.8535167,-56.2452851,18.47083805,2022
50,"19 de abril 1213, Montevideo Uruguay","Rambla República de México, Montevideo Uruguay",small,express,2,1,-34.8443465,-56.250894,-34.8941222,-56.0595102,18.34942847,1473
28,"Eulogio Caballero, Montevideo Uruguay","Rambla República de México, Montevideo Uruguay",small,express,2,1,-34.8535167,-56.2452851,-34.8941222,-56.0595102,17.57224905,1692
135,"Rambla República de México, Montevideo Uruguay","Carlos Tellier, Montevideo, Uruguay",small,express,2,1,-34.8941222,-56.0595102,-34.8535167,-56.2452851,17.57224905,1637
86,"Copacabana 6808, Montevideo Uruguay","Fernando Torres, Montevideo, Uruguay",small,express,2,1,-34.8838262,-56.0466473,-34.8485567,-56.233298,17.50946439,1912
58,"19 de abril 1213, Montevideo Uruguay","Cooper, Montevideo, Uruguay",small,express,2,1,-34.8443465,-56.250894,-34.8700236,-56.0694155,16.83826826,1582
143,"Rambla República de México, Montevideo Uruguay","Fernando Torres, Montevideo, Uruguay",small,express,2,1,-34.8941222,-56.0595102,-34.8485567,-56.233298,16.67425212,1582
36,"Eulogio Caballero, Montevideo Uruguay","Cooper, Montevideo, Uruguay",small,express,2,1,-34.8535167,-56.2452851,-34.8700236,-56.0694155,16.18569084,1967
234,"Carlos Tellier, Montevideo, Uruguay","Cooper, Montevideo, Uruguay",small,express,2,1,-34.8535167,-56.2452851,-34.8700236,-56.0694155,16.18569084,1912
251,"Cooper, Montevideo, Uruguay","Fernando Torres, Montevideo, Uruguay",small,express,2,1,-34.8700236,-56.0694155,-34.8485567,-56.233298,15.17414292,1802
74,"Copacabana 6808, Montevideo Uruguay","Adolfo berro, Montevideo Uruguay",small,express,2,1,-34.8838262,-56.0466473,-34.8642481,-56.2077112,14.88503737,1747
85,"Copacabana 6808, Montevideo Uruguay","Escalada, Montevideo, Uruguay",small,express,2,1,-34.8838262,-56.0466473,-34.8525727,-56.2005685,14.49447755,1802
73,"Copacabana 6808, Montevideo Uruguay","Doctor Alberto Zubiría, Montevideo Uruguay",small,express,2,1,-34.8838262,-56.0466473,-34.8434359,-56.1924935,14.06871859,1747
131,"Rambla República de México, Montevideo Uruguay","Adolfo berro, Montevideo Uruguay",small,express,2,1,-34.8941222,-56.0595102,-34.8642481,-56.2077112,13.94830423,1363
142,"Rambla República de México, Montevideo Uruguay","Escalada, Montevideo, Uruguay",small,express,2,1,-34.8941222,-56.0595102,-34.8525727,-56.2005685,13.69574055,1473
130,"Rambla República de México, Montevideo Uruguay","Doctor Alberto Zubiría, Montevideo Uruguay",small,express,2,1,-34.8941222,-56.0595102,-34.8434359,-56.1924935,13.39640004,1473
200,"Los Nogales, Montevideo Uruguay","Avenida Sarmiento, Montevideo, Uruguay",small,express,2,1,-34.8029901,-56.1143293,-34.9153352,-56.1673733,13.37396293,1747
54,"19 de abril 1213, Montevideo Uruguay","Los Nogales, Montevideo Uruguay",small,express,2,1,-34.8443465,-56.250894,-34.8029901,-56.1143293,13.30921206,1418
69,"Copacabana 6808, Montevideo Uruguay","Galicia 1224, Montevideo Uruguay",small,express,2,1,-34.8838262,-56.0466473,-34.9002335,-56.1903221,13.25855106,1802
32,"Eulogio Caballero, Montevideo Uruguay","Los Nogales, Montevideo Uruguay",small,express,2,1,-34.8535167,-56.2452851,-34.8029901,-56.1143293,13.2261494,1143
197,"Los Nogales, Montevideo Uruguay","Carlos Tellier, Montevideo, Uruguay",small,express,2,1,-34.8029901,-56.1143293,-34.8535167,-56.2452851,13.2261494,1198
76,"Copacabana 6808, Montevideo Uruguay","Paysandú, Montevideo, Uruguay",small,express,2,1,-34.8838262,-56.0466473,-34.901975,-56.1895067,13.2126482,1692
,,,,,,,,,,,,
68,"19 de abril 1213, Montevideo Uruguay","Chamizo, Montevideo, Uruguay",small,express,2,1,-34.8443465,-56.250894,-34.8889171,-56.1212496,12.84407212,1308
95,"Galicia 1224, Montevideo Uruguay","Los Nogales, Montevideo Uruguay",small,express,2,1,-34.9002335,-56.1903221,-34.8029901,-56.1143293,12.8327436,1528
184,"Adolfo berro, Montevideo Uruguay","Cooper, Montevideo, Uruguay",small,express,2,1,-34.8642481,-56.2077112,-34.8700236,-56.0694155,12.66135528,1582
87,"Copacabana 6808, Montevideo Uruguay","Carlos Reyles, Montevideo, Uruguay",small,express,2,1,-34.8838262,-56.0466473,-34.8819445,-56.1812809,12.30970995,1692
67,"19 de abril 1213, Montevideo Uruguay","Rizal, Montevideo, Uruguay",small,express,2,1,-34.8443465,-56.250894,-34.9009529,-56.1352843,12.29485827,1363
,,,,,,,,,,,,
250,"Cooper, Montevideo, Uruguay","Escalada, Montevideo, Uruguay",small,express,2,1,-34.8700236,-56.0694155,-34.8525727,-56.2005685,12.14813769,1637
46,"Eulogio Caballero, Montevideo Uruguay","Chamizo, Montevideo, Uruguay",small,express,2,1,-34.8535167,-56.2452851,-34.8889171,-56.1212496,12.00143622,1692
244,"Carlos Tellier, Montevideo, Uruguay","Chamizo, Montevideo, Uruguay",small,express,2,1,-34.8535167,-56.2452851,-34.8889171,-56.1212496,12.00143622,1637
205,"Los Nogales, Montevideo Uruguay","Fernando Torres, Montevideo, Uruguay",small,express,2,1,-34.8029901,-56.1143293,-34.8485567,-56.233298,12.00007879,1143
91,"Galicia 1224, Montevideo Uruguay","Rambla República de México, Montevideo Uruguay",small,express,2,1,-34.9002335,-56.1903221,-34.8941222,-56.0595102,11.97570341,1198
133,"Rambla República de México, Montevideo Uruguay","Paysandú, Montevideo, Uruguay",small,express,2,1,-34.8941222,-56.0595102,-34.901975,-56.1895067,11.91373678,1198
9,Brito del pino 1491 Montevideo Uruguay,"Los Nogales, Montevideo Uruguay",small,express,2,1,-34.9032725,-56.1570123,-34.8029901,-56.1143293,11.79002892,1027
169,"Doctor Alberto Zubiría, Montevideo Uruguay","Cooper, Montevideo, Uruguay",small,express,2,1,-34.8434359,-56.1924935,-34.8700236,-56.0694155,11.6351888,1637
,,,,,,,,,,,,
99,"Galicia 1224, Montevideo Uruguay","Cooper, Montevideo, Uruguay",small,express,2,1,-34.9002335,-56.1903221,-34.8700236,-56.0694155,11.54968821,1473
211,"Paysandú, Montevideo, Uruguay","Cooper, Montevideo, Uruguay",small,express,2,1,-34.901975,-56.1895067,-34.8700236,-56.0694155,11.53615551,1473
61,"19 de abril 1213, Montevideo Uruguay","Líber Arce, Montevideo, Uruguay",small,express,2,1,-34.8443465,-56.250894,-34.8988864,-56.1440372,11.4918067,1308
,,,,,,,,,,,,
202,"Los Nogales, Montevideo Uruguay","Hocquart, Montevideo, Uruguay",small,express,2,1,-34.8029901,-56.1143293,-34.8902774,-56.1800759,11.39852108,1528
114,"Doctor Prudencio de Pena, Montevideo Uruguay","Los Nogales, Montevideo Uruguay",small,express,2,1,-34.8989865,-56.1578912,-34.8029901,-56.1143293,11.37040067,1027
45,"Eulogio Caballero, Montevideo Uruguay","Rizal, Montevideo, Uruguay",small,express,2,1,-34.8535167,-56.2452851,-34.9009529,-56.1352843,11.35041651,1692
243,"Carlos Tellier, Montevideo, Uruguay","Rizal, Montevideo, Uruguay",small,express,2,1,-34.8535167,-56.2452851,-34.9009529,-56.1352843,11.35041651,1637
132,"Rambla República de México, Montevideo Uruguay","Los Nogales, Montevideo Uruguay",small,express,2,1,-34.8941222,-56.0595102,-34.8029901,-56.1143293,11.28483718,1802
144,"Rambla República de México, Montevideo Uruguay","Carlos Reyles, Montevideo, Uruguay",small,express,2,1,-34.8941222,-56.0595102,-34.8819445,-56.1812809,11.21302671,1253
296,"Fernando Torres, Montevideo, Uruguay","Chamizo, Montevideo, Uruguay",small,express,2,1,-34.8485567,-56.233298,-34.8889171,-56.1212496,11.18070261,1528
207,"Los Nogales, Montevideo Uruguay","Rizal, Montevideo, Uruguay",small,express,2,1,-34.8029901,-56.1143293,-34.9009529,-56.1352843,11.03545416,1802
140,"Rambla República de México, Montevideo Uruguay","Hocquart, Montevideo, Uruguay",small,express,2,1,-34.8941222,-56.0595102,-34.8902774,-56.1800759,11.02888753,1198
201,"Los Nogales, Montevideo Uruguay","Líber Arce, Montevideo, Uruguay",small,express,2,1,-34.8029901,-56.1143293,-34.8988864,-56.1440372,10.97997186,1747
60,"19 de abril 1213, Montevideo Uruguay","Avenida Sarmiento, Montevideo, Uruguay",small,express,2,1,-34.8443465,-56.250894,-34.9153352,-56.1673733,10.96920882,1363
,,,,,,,,,,,,
75,"Copacabana 6808, Montevideo Uruguay","Los Nogales, Montevideo Uruguay",small,express,2,1,-34.8838262,-56.0466473,-34.8029901,-56.1143293,10.89682958,2186
149,"Ricaldoni, Montevideo Uruguay","Los Nogales, Montevideo Uruguay",small,express,2,1,-34.8938637,-56.1591115,-34.8029901,-56.1143293,10.88149656,1692
37,"Eulogio Caballero, Montevideo Uruguay","Oyarvide, Montevideo, Uruguay",small,express,2,1,-34.8535167,-56.2452851,-34.8542084,-56.1264252,10.8700286,1692
235,"Carlos Tellier, Montevideo, Uruguay","Oyarvide, Montevideo, Uruguay",small,express,2,1,-34.8535167,-56.2452851,-34.8542084,-56.1264252,10.8700286,1637
1,Brito del pino 1491 Montevideo Uruguay,"19 de abril 1213, Montevideo Uruguay",small,express,2,1,-34.9032725,-56.1570123,-34.8443465,-56.250894,10.78932207,1253
206,"Los Nogales, Montevideo Uruguay","Carlos Reyles, Montevideo, Uruguay",small,express,2,1,-34.8029901,-56.1143293,-34.8819445,-56.1812809,10.68731131,1473
295,"Fernando Torres, Montevideo, Uruguay","Rizal, Montevideo, Uruguay",small,express,2,1,-34.8485567,-56.233298,-34.9009529,-56.1352843,10.68126167,1582
39,"Eulogio Caballero, Montevideo Uruguay","Líber Arce, Montevideo, Uruguay",small,express,2,1,-34.8535167,-56.2452851,-34.8988864,-56.1440372,10.53654342,1582
237,"Carlos Tellier, Montevideo, Uruguay","Líber Arce, Montevideo, Uruguay",small,express,2,1,-34.8535167,-56.2452851,-34.8988864,-56.1440372,10.53654342,1582
49,"19 de abril 1213, Montevideo Uruguay","Doctor Prudencio de Pena, Montevideo Uruguay",small,express,2,1,-34.8443465,-56.250894,-34.8989865,-56.1578912,10.44268608,1253
248,"Cooper, Montevideo, Uruguay","Hocquart, Montevideo, Uruguay",small,express,2,1,-34.8700236,-56.0694155,-34.8902774,-56.1800759,10.36321015,1473
72,"Copacabana 6808, Montevideo Uruguay","Ricaldoni, Montevideo Uruguay",small,express,2,1,-34.8838262,-56.0466473,-34.8938637,-56.1591115,10.34064626,1473
2,Brito del pino 1491 Montevideo Uruguay,"Copacabana 6808, Montevideo Uruguay",small,express,2,1,-34.9032725,-56.1570123,-34.8838262,-56.0466473,10.31614589,1473
252,"Cooper, Montevideo, Uruguay","Carlos Reyles, Montevideo, Uruguay",small,express,2,1,-34.8700236,-56.0694155,-34.8819445,-56.1812809,10.31252024,1582
70,"Copacabana 6808, Montevideo Uruguay","Doctor Prudencio de Pena, Montevideo Uruguay",small,express,2,1,-34.8838262,-56.0466473,-34.8989865,-56.1578912,10.30679855,1528
63,"19 de abril 1213, Montevideo Uruguay","Ignacio Barrios, Montevideo, Uruguay",small,express,2,1,-34.8443465,-56.250894,-34.8562398,-56.1393665,10.28463425,1253
246,"Cooper, Montevideo, Uruguay","Avenida Sarmiento, Montevideo, Uruguay",small,express,2,1,-34.8700236,-56.0694155,-34.9153352,-56.1673733,10.26858025,1473
,,,,,,,,,,,,
,,,,,,,,,,,,
275,"Líber Arce, Montevideo, Uruguay","Fernando Torres, Montevideo, Uruguay",small,express,2,1,-34.8988864,-56.1440372,-34.8485567,-56.233298,9.888200272,1473
38,"Eulogio Caballero, Montevideo Uruguay","Avenida Sarmiento, Montevideo, Uruguay",small,express,2,1,-34.8535167,-56.2452851,-34.9153352,-56.1673733,9.887445137,1582
236,"Carlos Tellier, Montevideo, Uruguay","Avenida Sarmiento, Montevideo, Uruguay",small,express,2,1,-34.8535167,-56.2452851,-34.9153352,-56.1673733,9.887445137,1528
260,"Oyarvide, Montevideo, Uruguay","Fernando Torres, Montevideo, Uruguay",small,express,2,1,-34.8542084,-56.1264252,-34.8485567,-56.233298,9.793918674,1528
0,Brito del pino 1491 Montevideo Uruguay,"Eulogio Caballero, Montevideo Uruguay",small,express,2,1,-34.9032725,-56.1570123,-34.8535167,-56.2452851,9.777323025,1528
12,Brito del pino 1491 Montevideo Uruguay,"Carlos Tellier, Montevideo, Uruguay",small,express,2,1,-34.9032725,-56.1570123,-34.8535167,-56.2452851,9.777323025,1473
41,"Eulogio Caballero, Montevideo Uruguay","Ignacio Barrios, Montevideo, Uruguay",small,express,2,1,-34.8535167,-56.2452851,-34.8562398,-56.1393665,9.690864542,1582
239,"Carlos Tellier, Montevideo, Uruguay","Ignacio Barrios, Montevideo, Uruguay",small,express,2,1,-34.8535167,-56.2452851,-34.8562398,-56.1393665,9.690864542,1528
56,"19 de abril 1213, Montevideo Uruguay","Himalaya, Montevideo, Uruguay",small,express,2,1,-34.8443465,-56.250894,-34.8681349,-56.1491542,9.670895046,1198
204,"Los Nogales, Montevideo Uruguay","Escalada, Montevideo, Uruguay",small,express,2,1,-34.8029901,-56.1143293,-34.8525727,-56.2005685,9.617367619,1418
208,"Los Nogales, Montevideo Uruguay","Chamizo, Montevideo, Uruguay",small,express,2,1,-34.8029901,-56.1143293,-34.8889171,-56.1212496,9.553537288,1802
268,"Avenida Sarmiento, Montevideo, Uruguay","Fernando Torres, Montevideo, Uruguay",small,express,2,1,-34.9153352,-56.1673733,-34.8485567,-56.233298,9.550127658,1418
77,"Copacabana 6808, Montevideo Uruguay","Himalaya, Montevideo, Uruguay",small,express,2,1,-34.8838262,-56.0466473,-34.8681349,-56.1491542,9.53206289,1473
27,"Eulogio Caballero, Montevideo Uruguay","Doctor Prudencio de Pena, Montevideo Uruguay",small,express,2,1,-34.8535167,-56.2452851,-34.8989865,-56.1578912,9.449117732,1528
117,"Doctor Prudencio de Pena, Montevideo Uruguay","Carlos Tellier, Montevideo, Uruguay",small,express,2,1,-34.8989865,-56.1578912,-34.8535167,-56.2452851,9.449117732,1473
,,,,,,,,,,,,
129,"Rambla República de México, Montevideo Uruguay","Ricaldoni, Montevideo Uruguay",small,express,2,1,-34.8941222,-56.0595102,-34.8938637,-56.1591115,9.104175803,1088
29,"Eulogio Caballero, Montevideo Uruguay","Ricaldoni, Montevideo Uruguay",small,express,2,1,-34.8535167,-56.2452851,-34.8938637,-56.1591115,9.061385402,1582
152,"Ricaldoni, Montevideo Uruguay","Carlos Tellier, Montevideo, Uruguay",small,express,2,1,-34.8938637,-56.1591115,-34.8535167,-56.2452851,9.061385402,1528
82,"Copacabana 6808, Montevideo Uruguay","Líber Arce, Montevideo, Uruguay",small,express,2,1,-34.8838262,-56.0466473,-34.8988864,-56.1440372,9.057705304,1363
84,"Copacabana 6808, Montevideo Uruguay","Ignacio Barrios, Montevideo, Uruguay",small,express,2,1,-34.8838262,-56.0466473,-34.8562398,-56.1393665,9.013014087,1418
110,"Doctor Prudencio de Pena, Montevideo Uruguay","Rambla República de México, Montevideo Uruguay",small,express,2,1,-34.8989865,-56.1578912,-34.8941222,-56.0595102,9.008486718,1033
5,Brito del pino 1491 Montevideo Uruguay,"Rambla República de México, Montevideo Uruguay",small,express,2,1,-34.9032725,-56.1570123,-34.8941222,-56.0595102,8.969372768,1033
34,"Eulogio Caballero, Montevideo Uruguay","Himalaya, Montevideo, Uruguay",small,express,2,1,-34.8535167,-56.2452851,-34.8681349,-56.1491542,8.938786416,1528
13,Brito del pino 1491 Montevideo Uruguay,"Cooper, Montevideo, Uruguay",small,express,2,1,-34.9032725,-56.1570123,-34.8700236,-56.0694155,8.816275139,1418
118,"Doctor Prudencio de Pena, Montevideo Uruguay","Cooper, Montevideo, Uruguay",small,express,2,1,-34.8989865,-56.1578912,-34.8700236,-56.0694155,8.702967141,1363
134,"Rambla República de México, Montevideo Uruguay","Himalaya, Montevideo, Uruguay",small,express,2,1,-34.8941222,-56.0595102,-34.8681349,-56.1491542,8.687566105,1253
,,,,,,,,,,,,
153,"Ricaldoni, Montevideo Uruguay","Cooper, Montevideo, Uruguay",small,express,2,1,-34.8938637,-56.1591115,-34.8700236,-56.0694155,8.61589614,1308
,,,,,,,,,,,,
198,"Los Nogales, Montevideo Uruguay","Cooper, Montevideo, Uruguay",small,express,2,1,-34.8029901,-56.1143293,-34.8700236,-56.0694155,8.495860947,2077
160,"Ricaldoni, Montevideo Uruguay","Fernando Torres, Montevideo, Uruguay",small,express,2,1,-34.8938637,-56.1591115,-34.8485567,-56.233298,8.442262052,1418
165,"Doctor Alberto Zubiría, Montevideo Uruguay","Los Nogales, Montevideo Uruguay",small,express,2,1,-34.8434359,-56.1924935,-34.8029901,-56.1143293,8.441940248,1528
141,"Rambla República de México, Montevideo Uruguay","Ignacio Barrios, Montevideo, Uruguay",small,express,2,1,-34.8941222,-56.0595102,-34.8562398,-56.1393665,8.424152204,1363
194,"Adolfo berro, Montevideo Uruguay","Chamizo, Montevideo, Uruguay",small,express,2,1,-34.8642481,-56.2077112,-34.8889171,-56.1212496,8.365097728,1308
88,"Copacabana 6808, Montevideo Uruguay","Rizal, Montevideo, Uruguay",small,express,2,1,-34.8838262,-56.0466473,-34.9009529,-56.1352843,8.321891473,1363
48,"19 de abril 1213, Montevideo Uruguay","Galicia 1224, Montevideo Uruguay",small,express,2,1,-34.8443465,-56.250894,-34.9002335,-56.1903221,8.313262737,1088
171,"Doctor Alberto Zubiría, Montevideo Uruguay","Avenida Sarmiento, Montevideo, Uruguay",small,express,2,1,-34.8434359,-56.1924935,-34.9153352,-56.1673733,8.300415253,1418
293,"Escalada, Montevideo, Uruguay","Chamizo, Montevideo, Uruguay",small,express,2,1,-34.8525727,-56.2005685,-34.8889171,-56.1212496,8.297706635,1363
178,"Doctor Alberto Zubiría, Montevideo Uruguay","Rizal, Montevideo, Uruguay",small,express,2,1,-34.8434359,-56.1924935,-34.9009529,-56.1352843,8.250729554,1363
179,"Doctor Alberto Zubiría, Montevideo Uruguay","Chamizo, Montevideo, Uruguay",small,express,2,1,-34.8434359,-56.1924935,-34.8889171,-56.1212496,8.239788602,1308
62,"19 de abril 1213, Montevideo Uruguay","Hocquart, Montevideo, Uruguay",small,express,2,1,-34.8443465,-56.250894,-34.8902774,-56.1800759,8.239730909,1088
292,"Escalada, Montevideo, Uruguay","Rizal, Montevideo, Uruguay",small,express,2,1,-34.8525727,-56.2005685,-34.9009529,-56.1352843,8.026902828,1418
80,"Copacabana 6808, Montevideo Uruguay","Oyarvide, Montevideo, Uruguay",small,express,2,1,-34.8838262,-56.0466473,-34.8542084,-56.1264252,8.000241803,1418
,,,,,,,,,,,,
196,"Los Nogales, Montevideo Uruguay","Himalaya, Montevideo, Uruguay",small,express,2,1,-34.8029901,-56.1143293,-34.8681349,-56.1491542,7.897891302,1637
,,,,,,,,,,,,
193,"Adolfo berro, Montevideo Uruguay","Rizal, Montevideo, Uruguay",small,express,2,1,-34.8642481,-56.2077112,-34.9009529,-56.1352843,7.773066618,1363
100,"Galicia 1224, Montevideo Uruguay","Oyarvide, Montevideo, Uruguay",small,express,2,1,-34.9002335,-56.1903221,-34.8542084,-56.1264252,7.75864107,1308
255,"Oyarvide, Montevideo, Uruguay","Avenida Sarmiento, Montevideo, Uruguay",small,express,2,1,-34.8542084,-56.1264252,-34.9153352,-56.1673733,7.745874801,1418
139,"Rambla República de México, Montevideo Uruguay","Líber Arce, Montevideo, Uruguay",small,express,2,1,-34.8941222,-56.0595102,-34.8988864,-56.1440372,7.744075331,1088
66,"19 de abril 1213, Montevideo Uruguay","Carlos Reyles, Montevideo, Uruguay",small,express,2,1,-34.8443465,-56.250894,-34.8819445,-56.1812809,7.610266488,1033
267,"Avenida Sarmiento, Montevideo, Uruguay","Escalada, Montevideo, Uruguay",small,express,2,1,-34.9153352,-56.1673733,-34.8525727,-56.2005685,7.595329524,1363
172,"Doctor Alberto Zubiría, Montevideo Uruguay","Líber Arce, Montevideo, Uruguay",small,express,2,1,-34.8434359,-56.1924935,-34.8988864,-56.1440372,7.580926993,1308
137,"Rambla República de México, Montevideo Uruguay","Oyarvide, Montevideo, Uruguay",small,express,2,1,-34.8941222,-56.0595102,-34.8542084,-56.1264252,7.552179026,1528
247,"Cooper, Montevideo, Uruguay","Líber Arce, Montevideo, Uruguay",small,express,2,1,-34.8700236,-56.0694155,-34.8988864,-56.1440372,7.535750897,1308
185,"Adolfo berro, Montevideo Uruguay","Oyarvide, Montevideo, Uruguay",small,express,2,1,-34.8642481,-56.2077112,-34.8542084,-56.1264252,7.516117616,1308
33,"Eulogio Caballero, Montevideo Uruguay","Paysandú, Montevideo, Uruguay",small,express,2,1,-34.8535167,-56.2452851,-34.901975,-56.1895067,7.409771137,1363
,,,,,,,,,,,,
7,Brito del pino 1491 Montevideo Uruguay,"Doctor Alberto Zubiría, Montevideo Uruguay",small,express,2,1,-34.9032725,-56.1570123,-34.8434359,-56.1924935,7.388422463,1308
223,"Himalaya, Montevideo, Uruguay","Cooper, Montevideo, Uruguay",small,express,2,1,-34.8681349,-56.1491542,-34.8700236,-56.0694155,7.293785014,1308
274,"Líber Arce, Montevideo, Uruguay","Escalada, Montevideo, Uruguay",small,express,2,1,-34.8988864,-56.1440372,-34.8525727,-56.2005685,7.287751288,1308
40,"Eulogio Caballero, Montevideo Uruguay","Hocquart, Montevideo, Uruguay",small,express,2,1,-34.8535167,-56.2452851,-34.8902774,-56.1800759,7.223432095,1363
238,"Carlos Tellier, Montevideo, Uruguay","Hocquart, Montevideo, Uruguay",small,express,2,1,-34.8535167,-56.2452851,-34.8902774,-56.1800759,7.223432095,1308
26,"Eulogio Caballero, Montevideo Uruguay","Galicia 1224, Montevideo Uruguay",small,express,2,1,-34.8535167,-56.2452851,-34.9002335,-56.1903221,7.218766198,1363
98,"Galicia 1224, Montevideo Uruguay","Carlos Tellier, Montevideo, Uruguay",small,express,2,1,-34.9002335,-56.1903221,-34.8535167,-56.2452851,7.218766198,1308
,,,,,,,,,,,,
,,,,,,,,,,,,
,,,,,,,,,,,,
,,,,,,,,,,,,
106,"Galicia 1224, Montevideo Uruguay","Fernando Torres, Montevideo, Uruguay",small,express,2,1,-34.9002335,-56.1903221,-34.8485567,-56.233298,6.950177898,1253
253,"Cooper, Montevideo, Uruguay","Rizal, Montevideo, Uruguay",small,express,2,1,-34.8700236,-56.0694155,-34.9009529,-56.1352843,6.930426671,1253
,,,,,,,,,,,,
19,Brito del pino 1491 Montevideo Uruguay,"Escalada, Montevideo, Uruguay",small,express,2,1,-34.9032725,-56.1570123,-34.8525727,-56.2005685,6.891472793,1308
89,"Copacabana 6808, Montevideo Uruguay","Chamizo, Montevideo, Uruguay",small,express,2,1,-34.8838262,-56.0466473,-34.8889171,-56.1212496,6.843054488,1253
216,"Paysandú, Montevideo, Uruguay","Ignacio Barrios, Montevideo, Uruguay",small,express,2,1,-34.901975,-56.1895067,-34.8562398,-56.1393665,6.83781599,1308
259,"Oyarvide, Montevideo, Uruguay","Escalada, Montevideo, Uruguay",small,express,2,1,-34.8542084,-56.1264252,-34.8525727,-56.2005685,6.782883888,1363
186,"Adolfo berro, Montevideo Uruguay","Avenida Sarmiento, Montevideo, Uruguay",small,express,2,1,-34.8642481,-56.2077112,-34.9153352,-56.1673733,6.76144156,1308
104,"Galicia 1224, Montevideo Uruguay","Ignacio Barrios, Montevideo, Uruguay",small,express,2,1,-34.9002335,-56.1903221,-34.8562398,-56.1393665,6.746998035,1308
281,"Hocquart, Montevideo, Uruguay","Fernando Torres, Montevideo, Uruguay",small,express,2,1,-34.8902774,-56.1800759,-34.8485567,-56.233298,6.715853279,1253
44,"Eulogio Caballero, Montevideo Uruguay","Carlos Reyles, Montevideo, Uruguay",small,express,2,1,-34.8535167,-56.2452851,-34.8819445,-56.1812809,6.647886132,1308
,,,,,,,,,,,,
,,,,,,,,,,,,
166,"Doctor Alberto Zubiría, Montevideo Uruguay","Paysandú, Montevideo, Uruguay",small,express,2,1,-34.8434359,-56.1924935,-34.901975,-56.1895067,6.499964022,1253
124,"Doctor Prudencio de Pena, Montevideo Uruguay","Escalada, Montevideo, Uruguay",small,express,2,1,-34.8989865,-56.1578912,-34.8525727,-56.2005685,6.460420336,1308
,,,,,,,,,,,,
221,"Paysandú, Montevideo, Uruguay","Chamizo, Montevideo, Uruguay",small,express,2,1,-34.901975,-56.1895067,-34.8889171,-56.1212496,6.404951338,1198
147,"Ricaldoni, Montevideo Uruguay","Doctor Alberto Zubiría, Montevideo Uruguay",small,express,2,1,-34.8938637,-56.1591115,-34.8434359,-56.1924935,6.372843976,1308
8,Brito del pino 1491 Montevideo Uruguay,"Adolfo berro, Montevideo Uruguay",small,express,2,1,-34.9032725,-56.1570123,-34.8642481,-56.2077112,6.342220019,1198
203,"Los Nogales, Montevideo Uruguay","Ignacio Barrios, Montevideo, Uruguay",small,express,2,1,-34.8029901,-56.1143293,-34.8562398,-56.1393665,6.335835715,1082
257,"Oyarvide, Montevideo, Uruguay","Hocquart, Montevideo, Uruguay",small,express,2,1,-34.8542084,-56.1264252,-34.8902774,-56.1800759,6.330336978,1253
,,,,,,,,,,,,
93,"Galicia 1224, Montevideo Uruguay","Doctor Alberto Zubiría, Montevideo Uruguay",small,express,2,1,-34.9002335,-56.1903221,-34.8434359,-56.1924935,6.304152069,1198
,,,,,,,,,,,,
14,Brito del pino 1491 Montevideo Uruguay,"Oyarvide, Montevideo, Uruguay",small,express,2,1,-34.9032725,-56.1570123,-34.8542084,-56.1264252,6.119381156,1308
294,"Fernando Torres, Montevideo, Uruguay","Carlos Reyles, Montevideo, Uruguay",small,express,2,1,-34.8485567,-56.233298,-34.8819445,-56.1812809,6.028433853,1198
113,"Doctor Prudencio de Pena, Montevideo Uruguay","Adolfo berro, Montevideo Uruguay",small,express,2,1,-34.8989865,-56.1578912,-34.8642481,-56.2077112,5.966202611,1198
159,"Ricaldoni, Montevideo Uruguay","Escalada, Montevideo, Uruguay",small,express,2,1,-34.8938637,-56.1591115,-34.8525727,-56.2005685,5.945597037,1253
261,"Oyarvide, Montevideo, Uruguay","Carlos Reyles, Montevideo, Uruguay",small,express,2,1,-34.8542084,-56.1264252,-34.8819445,-56.1812809,5.884311945,1253
199,"Los Nogales, Montevideo Uruguay","Oyarvide, Montevideo, Uruguay",small,express,2,1,-34.8029901,-56.1143293,-34.8542084,-56.1264252,5.788764639,1802
119,"Doctor Prudencio de Pena, Montevideo Uruguay","Oyarvide, Montevideo, Uruguay",small,express,2,1,-34.8989865,-56.1578912,-34.8542084,-56.1264252,5.740468437,1308
146,"Rambla República de México, Montevideo Uruguay","Chamizo, Montevideo, Uruguay",small,express,2,1,-34.8941222,-56.0595102,-34.8889171,-56.1212496,5.672970275,1198
,,,,,,,,,,,,
217,"Paysandú, Montevideo, Uruguay","Escalada, Montevideo, Uruguay",small,express,2,1,-34.901975,-56.1895067,-34.8525727,-56.2005685,5.573134886,1198
,,,,,,,,,,,,
,,,,,,,,,,,,
245,"Cooper, Montevideo, Uruguay","Oyarvide, Montevideo, Uruguay",small,express,2,1,-34.8700236,-56.0694155,-34.8542084,-56.1264252,5.500357948,1253
225,"Himalaya, Montevideo, Uruguay","Avenida Sarmiento, Montevideo, Uruguay",small,express,2,1,-34.8681349,-56.1491542,-34.9153352,-56.1673733,5.494786606,1198
18,Brito del pino 1491 Montevideo Uruguay,"Ignacio Barrios, Montevideo, Uruguay",small,express,2,1,-34.9032725,-56.1570123,-34.8562398,-56.1393665,5.461423994,1198
284,"Hocquart, Montevideo, Uruguay","Chamizo, Montevideo, Uruguay",small,express,2,1,-34.8902774,-56.1800759,-34.8889171,-56.1212496,5.379465238,1143
182,"Adolfo berro, Montevideo Uruguay","Himalaya, Montevideo, Uruguay",small,express,2,1,-34.8642481,-56.2077112,-34.8681349,-56.1491542,5.371583355,1198
105,"Galicia 1224, Montevideo Uruguay","Escalada, Montevideo, Uruguay",small,express,2,1,-34.9002335,-56.1903221,-34.8525727,-56.2005685,5.369752964,1198
52,"19 de abril 1213, Montevideo Uruguay","Doctor Alberto Zubiría, Montevideo Uruguay",small,express,2,1,-34.8443465,-56.250894,-34.8434359,-56.1924935,5.342335214,924
173,"Doctor Alberto Zubiría, Montevideo Uruguay","Hocquart, Montevideo, Uruguay",small,express,2,1,-34.8434359,-56.1924935,-34.8902774,-56.1800759,5.319103932,588
154,"Ricaldoni, Montevideo Uruguay","Oyarvide, Montevideo, Uruguay",small,express,2,1,-34.8938637,-56.1591115,-34.8542084,-56.1264252,5.318318929,1253
,,,,,,,,,,,,
209,"Paysandú, Montevideo, Uruguay","Himalaya, Montevideo, Uruguay",small,express,2,1,-34.901975,-56.1895067,-34.8681349,-56.1491542,5.263211574,1143
262,"Oyarvide, Montevideo, Uruguay","Rizal, Montevideo, Uruguay",small,express,2,1,-34.8542084,-56.1264252,-34.9009529,-56.1352843,5.248625339,1198
256,"Oyarvide, Montevideo, Uruguay","Líber Arce, Montevideo, Uruguay",small,express,2,1,-34.8542084,-56.1264252,-34.8988864,-56.1440372,5.211486007,1253
254,"Cooper, Montevideo, Uruguay","Chamizo, Montevideo, Uruguay",small,express,2,1,-34.8700236,-56.0694155,-34.8889171,-56.1212496,5.181621149,1143
97,"Galicia 1224, Montevideo Uruguay","Himalaya, Montevideo, Uruguay",small,express,2,1,-34.9002335,-56.1903221,-34.8681349,-56.1491542,5.181110265,1143
271,"Avenida Sarmiento, Montevideo, Uruguay","Chamizo, Montevideo, Uruguay",small,express,2,1,-34.9153352,-56.1673733,-34.8889171,-56.1212496,5.134242778,1198
174,"Doctor Alberto Zubiría, Montevideo Uruguay","Ignacio Barrios, Montevideo, Uruguay",small,express,2,1,-34.8434359,-56.1924935,-34.8562398,-56.1393665,5.062084754,1253
123,"Doctor Prudencio de Pena, Montevideo Uruguay","Ignacio Barrios, Montevideo, Uruguay",small,express,2,1,-34.8989865,-56.1578912,-34.8562398,-56.1393665,5.035592747,1198
108,"Galicia 1224, Montevideo Uruguay","Rizal, Montevideo, Uruguay",small,express,2,1,-34.9002335,-56.1903221,-34.9009529,-56.1352843,5.031001706,1198
229,"Himalaya, Montevideo, Uruguay","Escalada, Montevideo, Uruguay",small,express,2,1,-34.8681349,-56.1491542,-34.8525727,-56.2005685,5.008441049,1198
288,"Ignacio Barrios, Montevideo, Uruguay","Rizal, Montevideo, Uruguay",small,express,2,1,-34.8562398,-56.1393665,-34.9009529,-56.1352843,4.97441735,1198
30,"Eulogio Caballero, Montevideo Uruguay","Doctor Alberto Zubiría, Montevideo Uruguay",small,express,2,1,-34.8535167,-56.2452851,-34.8434359,-56.1924935,4.955944664,1253
168,"Doctor Alberto Zubiría, Montevideo Uruguay","Carlos Tellier, Montevideo, Uruguay",small,express,2,1,-34.8434359,-56.1924935,-34.8535167,-56.2452851,4.955944664,1143
,,,,,,,,,,,,
287,"Ignacio Barrios, Montevideo, Uruguay","Carlos Reyles, Montevideo, Uruguay",small,express,2,1,-34.8562398,-56.1393665,-34.8819445,-56.1812809,4.776911959,1143
273,"Líber Arce, Montevideo, Uruguay","Ignacio Barrios, Montevideo, Uruguay",small,express,2,1,-34.8988864,-56.1440372,-34.8562398,-56.1393665,4.750373951,1198
297,"Carlos Reyles, Montevideo, Uruguay","Rizal, Montevideo, Uruguay",small,express,2,1,-34.8819445,-56.1812809,-34.9009529,-56.1352843,4.703675959,1198
64,"19 de abril 1213, Montevideo Uruguay","Escalada, Montevideo, Uruguay",small,express,2,1,-34.8443465,-56.250894,-34.8525727,-56.2005685,4.692178868,924
280,"Hocquart, Montevideo, Uruguay","Escalada, Montevideo, Uruguay",small,express,2,1,-34.8902774,-56.1800759,-34.8525727,-56.2005685,4.583357475,1198
158,"Ricaldoni, Montevideo Uruguay","Ignacio Barrios, Montevideo, Uruguay",small,express,2,1,-34.8938637,-56.1591115,-34.8562398,-56.1393665,4.547584155,1088
53,"19 de abril 1213, Montevideo Uruguay","Adolfo berro, Montevideo Uruguay",small,express,2,1,-34.8443465,-56.250894,-34.8642481,-56.2077112,4.524333173,924
181,"Adolfo berro, Montevideo Uruguay","Paysandú, Montevideo, Uruguay",small,express,2,1,-34.8642481,-56.2077112,-34.901975,-56.1895067,4.504095684,1088
177,"Doctor Alberto Zubiría, Montevideo Uruguay","Carlos Reyles, Montevideo, Uruguay",small,express,2,1,-34.8434359,-56.1924935,-34.8819445,-56.1812809,4.393379808,1143
94,"Galicia 1224, Montevideo Uruguay","Adolfo berro, Montevideo Uruguay",small,express,2,1,-34.9002335,-56.1903221,-34.8642481,-56.2077112,4.297031847,1088
283,"Hocquart, Montevideo, Uruguay","Rizal, Montevideo, Uruguay",small,express,2,1,-34.8902774,-56.1800759,-34.9009529,-56.1352843,4.261985439,1143
102,"Galicia 1224, Montevideo Uruguay","Líber Arce, Montevideo, Uruguay",small,express,2,1,-34.9002335,-56.1903221,-34.8988864,-56.1440372,4.23305916,1143
214,"Paysandú, Montevideo, Uruguay","Líber Arce, Montevideo, Uruguay",small,express,2,1,-34.901975,-56.1895067,-34.8988864,-56.1440372,4.169950674,1143
42,"Eulogio Caballero, Montevideo Uruguay","Escalada, Montevideo, Uruguay",small,express,2,1,-34.8535167,-56.2452851,-34.8525727,-56.2005685,4.090721967,1143
240,"Carlos Tellier, Montevideo, Uruguay","Escalada, Montevideo, Uruguay",small,express,2,1,-34.8535167,-56.2452851,-34.8525727,-56.2005685,4.090721967,1088
289,"Ignacio Barrios, Montevideo, Uruguay","Chamizo, Montevideo, Uruguay",small,express,2,1,-34.8562398,-56.1393665,-34.8889171,-56.1212496,3.98566468,1088
11,Brito del pino 1491 Montevideo Uruguay,"Himalaya, Montevideo, Uruguay",small,express,2,1,-34.9032725,-56.1570123,-34.8681349,-56.1491542,3.963748327,1088
269,"Avenida Sarmiento, Montevideo, Uruguay","Carlos Reyles, Montevideo, Uruguay",small,express,2,1,-34.9153352,-56.1673733,-34.8819445,-56.1812809,3.916357104,1143
276,"Líber Arce, Montevideo, Uruguay","Carlos Reyles, Montevideo, Uruguay",small,express,2,1,-34.8988864,-56.1440372,-34.8819445,-56.1812809,3.888796804,1143
263,"Oyarvide, Montevideo, Uruguay","Chamizo, Montevideo, Uruguay",small,express,2,1,-34.8542084,-56.1264252,-34.8889171,-56.1212496,3.879489939,1088
232,"Himalaya, Montevideo, Uruguay","Rizal, Montevideo, Uruguay",small,express,2,1,-34.8681349,-56.1491542,-34.9009529,-56.1352843,3.85524622,1143
188,"Adolfo berro, Montevideo Uruguay","Hocquart, Montevideo, Uruguay",small,express,2,1,-34.8642481,-56.2077112,-34.8902774,-56.1800759,3.836912208,1088
176,"Doctor Alberto Zubiría, Montevideo Uruguay","Fernando Torres, Montevideo, Uruguay",small,express,2,1,-34.8434359,-56.1924935,-34.8485567,-56.233298,3.774924544,1088
,,,,,,,,,,,,
291,"Escalada, Montevideo, Uruguay","Carlos Reyles, Montevideo, Uruguay",small,express,2,1,-34.8525727,-56.2005685,-34.8819445,-56.1812809,3.705089677,1088
31,"Eulogio Caballero, Montevideo Uruguay","Adolfo berro, Montevideo Uruguay",small,express,2,1,-34.8535167,-56.2452851,-34.8642481,-56.2077112,3.636338666,1143
183,"Adolfo berro, Montevideo Uruguay","Carlos Tellier, Montevideo, Uruguay",small,express,2,1,-34.8642481,-56.2077112,-34.8535167,-56.2452851,3.636338666,1198
23,Brito del pino 1491 Montevideo Uruguay,"Chamizo, Montevideo, Uruguay",small,express,2,1,-34.9032725,-56.1570123,-34.8889171,-56.1212496,3.636144227,1088
128,"Doctor Prudencio de Pena, Montevideo Uruguay","Chamizo, Montevideo, Uruguay",small,express,2,1,-34.8989865,-56.1578912,-34.8889171,-56.1212496,3.530635194,1088
116,"Doctor Prudencio de Pena, Montevideo Uruguay","Himalaya, Montevideo, Uruguay",small,express,2,1,-34.8989865,-56.1578912,-34.8681349,-56.1491542,3.514587908,1088
,,,,,,,,,,,,
226,"Himalaya, Montevideo, Uruguay","Líber Arce, Montevideo, Uruguay",small,express,2,1,-34.8681349,-56.1491542,-34.8988864,-56.1440372,3.443444985,1088
,,,,,,,,,,,,
272,"Líber Arce, Montevideo, Uruguay","Hocquart, Montevideo, Uruguay",small,express,2,1,-34.8988864,-56.1440372,-34.8902774,-56.1800759,3.429780064,1088
270,"Avenida Sarmiento, Montevideo, Uruguay","Rizal, Montevideo, Uruguay",small,express,2,1,-34.9153352,-56.1673733,-34.9009529,-56.1352843,3.33856797,1033
231,"Himalaya, Montevideo, Uruguay","Carlos Reyles, Montevideo, Uruguay",small,express,2,1,-34.8681349,-56.1491542,-34.8819445,-56.1812809,3.312769106,1088
21,Brito del pino 1491 Montevideo Uruguay,"Carlos Reyles, Montevideo, Uruguay",small,express,2,1,-34.9032725,-56.1570123,-34.8819445,-56.1812809,3.243361828,1088
192,"Adolfo berro, Montevideo Uruguay","Carlos Reyles, Montevideo, Uruguay",small,express,2,1,-34.8642481,-56.2077112,-34.8819445,-56.1812809,3.11345821,1033
,,,,,,,,,,,,
290,"Escalada, Montevideo, Uruguay","Fernando Torres, Montevideo, Uruguay",small,express,2,1,-34.8525727,-56.2005685,-34.8485567,-56.233298,3.026213233,1033
265,"Avenida Sarmiento, Montevideo, Uruguay","Hocquart, Montevideo, Uruguay",small,express,2,1,-34.9153352,-56.1673733,-34.8902774,-56.1800759,3.012571694,1033
151,"Ricaldoni, Montevideo Uruguay","Himalaya, Montevideo, Uruguay",small,express,2,1,-34.8938637,-56.1591115,-34.8681349,-56.1491542,2.995953592,1033
,,,,,,,,,,,,
90,"Galicia 1224, Montevideo Uruguay","Doctor Prudencio de Pena, Montevideo Uruguay",small,express,2,1,-34.9002335,-56.1903221,-34.8989865,-56.1578912,2.967395255,1033
,,,,,,,,,,,,
,,,,,,,,,,,,
,,,,,,,,,,,,
115,"Doctor Prudencio de Pena, Montevideo Uruguay","Paysandú, Montevideo, Uruguay",small,express,2,1,-34.8989865,-56.1578912,-34.901975,-56.1895067,2.908568614,1033
136,"Rambla República de México, Montevideo Uruguay","Cooper, Montevideo, Uruguay",small,express,2,1,-34.8941222,-56.0595102,-34.8700236,-56.0694155,2.822654697,1473
264,"Avenida Sarmiento, Montevideo, Uruguay","Líber Arce, Montevideo, Uruguay",small,express,2,1,-34.9153352,-56.1673733,-34.8988864,-56.1440372,2.80685009,1033
164,"Doctor Alberto Zubiría, Montevideo Uruguay","Adolfo berro, Montevideo Uruguay",small,express,2,1,-34.8434359,-56.1924935,-34.8642481,-56.2077112,2.695842127,1033
101,"Galicia 1224, Montevideo Uruguay","Avenida Sarmiento, Montevideo, Uruguay",small,express,2,1,-34.9002335,-56.1903221,-34.9153352,-56.1673733,2.684310741,1088
224,"Himalaya, Montevideo, Uruguay","Oyarvide, Montevideo, Uruguay",small,express,2,1,-34.8681349,-56.1491542,-34.8542084,-56.1264252,2.589720389,1033
79,"Copacabana 6808, Montevideo Uruguay","Cooper, Montevideo, Uruguay",small,express,2,1,-34.8838262,-56.0466473,-34.8700236,-56.0694155,2.584113099,979
17,Brito del pino 1491 Montevideo Uruguay,"Hocquart, Montevideo, Uruguay",small,express,2,1,-34.9032725,-56.1570123,-34.8902774,-56.1800759,2.553891042,979
213,"Paysandú, Montevideo, Uruguay","Avenida Sarmiento, Montevideo, Uruguay",small,express,2,1,-34.901975,-56.1895067,-34.9153352,-56.1673733,2.507663329,1033
155,"Ricaldoni, Montevideo Uruguay","Avenida Sarmiento, Montevideo, Uruguay",small,express,2,1,-34.8938637,-56.1591115,-34.9153352,-56.1673733,2.498835329,1033
161,"Ricaldoni, Montevideo Uruguay","Carlos Reyles, Montevideo, Uruguay",small,express,2,1,-34.8938637,-56.1591115,-34.8819445,-56.1812809,2.419797237,1088
278,"Líber Arce, Montevideo, Uruguay","Chamizo, Montevideo, Uruguay",small,express,2,1,-34.8988864,-56.1440372,-34.8889171,-56.1212496,2.358335847,1033
219,"Paysandú, Montevideo, Uruguay","Carlos Reyles, Montevideo, Uruguay",small,express,2,1,-34.901975,-56.1895067,-34.8819445,-56.1812809,2.34591877,979
162,"Ricaldoni, Montevideo Uruguay","Rizal, Montevideo, Uruguay",small,express,2,1,-34.8938637,-56.1591115,-34.9009529,-56.1352843,2.315506986,1033
,,,,,,,,,,,,
107,"Galicia 1224, Montevideo Uruguay","Carlos Reyles, Montevideo, Uruguay",small,express,2,1,-34.9002335,-56.1903221,-34.8819445,-56.1812809,2.19081616,979
,,,,,,,,,,,,
120,"Doctor Prudencio de Pena, Montevideo Uruguay","Avenida Sarmiento, Montevideo, Uruguay",small,express,2,1,-34.8989865,-56.1578912,-34.9153352,-56.1673733,2.010097492,979
22,Brito del pino 1491 Montevideo Uruguay,"Rizal, Montevideo, Uruguay",small,express,2,1,-34.9032725,-56.1570123,-34.9009529,-56.1352843,2.002472123,979
157,"Ricaldoni, Montevideo Uruguay","Hocquart, Montevideo, Uruguay",small,express,2,1,-34.8938637,-56.1591115,-34.8902774,-56.1800759,1.957176691,1033
299,"Rizal, Montevideo, Uruguay","Chamizo, Montevideo, Uruguay",small,express,2,1,-34.9009529,-56.1352843,-34.8889171,-56.1212496,1.851627889,924
65,"19 de abril 1213, Montevideo Uruguay","Fernando Torres, Montevideo, Uruguay",small,express,2,1,-34.8443465,-56.250894,-34.8485567,-56.233298,1.675710574,1088
15,Brito del pino 1491 Montevideo Uruguay,"Avenida Sarmiento, Montevideo, Uruguay",small,express,2,1,-34.9032725,-56.1570123,-34.9153352,-56.1673733,1.639335399,924
71,"Copacabana 6808, Montevideo Uruguay","Rambla República de México, Montevideo Uruguay",small,express,2,1,-34.8838262,-56.0466473,-34.8941222,-56.0595102,1.639272262,1528
228,"Himalaya, Montevideo, Uruguay","Ignacio Barrios, Montevideo, Uruguay",small,express,2,1,-34.8681349,-56.1491542,-34.8562398,-56.1393665,1.594494902,979
,,,,,,,,,,,,
156,"Ricaldoni, Montevideo Uruguay","Líber Arce, Montevideo, Uruguay",small,express,2,1,-34.8938637,-56.1591115,-34.8988864,-56.1440372,1.486244258,979
190,"Adolfo berro, Montevideo Uruguay","Escalada, Montevideo, Uruguay",small,express,2,1,-34.8642481,-56.2077112,-34.8525727,-56.2005685,1.45061548,979
103,"Galicia 1224, Montevideo Uruguay","Hocquart, Montevideo, Uruguay",small,express,2,1,-34.9002335,-56.1903221,-34.8902774,-56.1800759,1.448128824,979
16,Brito del pino 1491 Montevideo Uruguay,"Líber Arce, Montevideo, Uruguay",small,express,2,1,-34.9032725,-56.1570123,-34.8988864,-56.1440372,1.28184229,979
121,"Doctor Prudencio de Pena, Montevideo Uruguay","Líber Arce, Montevideo, Uruguay",small,express,2,1,-34.8989865,-56.1578912,-34.8988864,-56.1440372,1.266308017,979
175,"Doctor Alberto Zubiría, Montevideo Uruguay","Escalada, Montevideo, Uruguay",small,express,2,1,-34.8434359,-56.1924935,-34.8525727,-56.2005685,1.254120795,924
,,,,,,,,,,,,
241,"Carlos Tellier, Montevideo, Uruguay","Fernando Torres, Montevideo, Uruguay",small,express,2,1,-34.8535167,-56.2452851,-34.8485567,-56.233298,1.226606138,924
258,"Oyarvide, Montevideo, Uruguay","Ignacio Barrios, Montevideo, Uruguay",small,express,2,1,-34.8542084,-56.1264252,-34.8562398,-56.1393665,1.204730395,924
24,"Eulogio Caballero, Montevideo Uruguay","19 de abril 1213, Montevideo Uruguay",small,express,2,1,-34.8535167,-56.2452851,-34.8443465,-56.250894,1.139332021,1143
,,,,,,,,,,,,
,,,,,,,,,,,,
282,"Hocquart, Montevideo, Uruguay","Carlos Reyles, Montevideo, Uruguay",small,express,2,1,-34.8902774,-56.1800759,-34.8819445,-56.1812809,0.930979114,924
277,"Líber Arce, Montevideo, Uruguay","Rizal, Montevideo, Uruguay",small,express,2,1,-34.8988864,-56.1440372,-34.9009529,-56.1352843,0.83220816,924
,,,,,,,,,,,,
,,,,,,,,,,,,
96,"Galicia 1224, Montevideo Uruguay","Paysandú, Montevideo, Uruguay",small,express,2,1,-34.9002335,-56.1903221,-34.901975,-56.1895067,0.20707555,869
35,"Eulogio Caballero, Montevideo Uruguay","Carlos Tellier, Montevideo, Uruguay",small,express,2,1,-34.8535167,-56.2452851,-34.8535167,-56.2452851,0,924