retiro,entrega,tamano,opcion_de_entrega,cantidad_de_paquetes,cantidad_de_asistentes,lat_retiro,lng_retiro,lat_entrega,lng_entrega,km,precio
"Arocena, Montevideo, Uruguay","Mantua, Montevideo, Uruguay",small,express,1,0,-34.8872037,-56.0578942,-34.8874709,-56.0509052,0.639573576,250
"Arocena, Montevideo, Uruguay","Mantua, Montevideo, Uruguay",small,express,1,1,-34.8872037,-56.0578942,-34.8874709,-56.0509052,0.639573576,860
"Arocena, Montevideo, Uruguay","Mantua, Montevideo, Uruguay",small,express,1,2,-34.8872037,-56.0578942,-34.8874709,-56.0509052,0.639573576,1470
"Arocena, Montevideo, Uruguay","Mantua, Montevideo, Uruguay",small,express,1,3,-34.8872037,-56.0578942,-34.8874709,-56.0509052,0.639573576,2080
"Arocena, Montevideo, Uruguay","Mantua, Montevideo, Uruguay",small,express,1,4,-34.8872037,-56.0578942,-34.8874709,-56.0509052,0.639573576,2690
"Arocena, Montevideo, Uruguay","Mantua, Montevideo, Uruguay",small,express,1,5,-34.8872037,-56.0578942,-34.8874709,-56.0509052,0.639573576,3300
"Arocena, Montevideo, Uruguay","Mantua, Montevideo, Uruguay",small,express,2,0,-34.8872037,-56.0578942,-34.8874709,-56.0509052,0.639573576,314
"Arocena, Montevideo, Uruguay","Mantua, Montevideo, Uruguay",small,express,2,1,-34.8872037,-56.0578942,-34.8874709,-56.0509052,0.639573576,924
"Arocena, Montevideo, Uruguay","Mantua, Montevideo, Uruguay",small,express,2,2,-34.8872037,-56.0578942,-34.8874709,-56.0509052,0.639573576,1534
"Arocena, Montevideo, Uruguay","Mantua, Montevideo, Uruguay",small,express,2,3,-34.8872037,-56.0578942,-34.8874709,-56.0509052,0.639573576,2144
"Arocena, Montevideo, Uruguay","Mantua, Montevideo, Uruguay",small,express,2,4,-34.8872037,-56.0578942,-34.8874709,-56.0509052,0.639573576,2754
"Arocena, Montevideo, Uruguay","Mantua, Montevideo, Uruguay",small,express,2,5,-34.8872037,-56.0578942,-34.8874709,-56.0509052,0.639573576,3364
"Arocena, Montevideo, Uruguay","Mantua, Montevideo, Uruguay",small,express,3,0,-34.8872037,-56.0578942,-34.8874709,-56.0509052,0.639573576,378
"Arocena, Montevideo, Uruguay","Mantua, Montevideo, Uruguay",small,express,3,1,-34.8872037,-56.0578942,-34.8874709,-56.0509052,0.639573576,988
"Arocena, Montevideo, Uruguay","Mantua, Montevideo, Uruguay",small,express,3,2,-34.8872037,-56.0578942,-34.8874709,-56.0509052,0.639573576,1598
"Arocena, Montevideo, Uruguay","Mantua, Montevideo, Uruguay",small,express,3,3,-34.8872037,-56.0578942,-34.8874709,-56.0509052,0.639573576,2208
"Arocena, Montevideo, Uruguay","Mantua, Montevideo, Uruguay",small,express,3,4,-34.8872037,-56.0578942,-34.8874709,-56.0509052,0.639573576,2818
"Arocena, Montevideo, Uruguay","Mantua, Montevideo, Uruguay",small,express,3,5,-34.8872037,-56.0578942,-34.8874709,-56.0509052,0.639573576,3428
"Arocena, Montevideo, Uruguay","Mantua, Montevideo, Uruguay",small,express,4,0,-34.8872037,-56.0578942,-34.8874709,-56.0509052,0.639573576,442
"Arocena, Montevideo, Uruguay","Mantua, Montevideo, Uruguay",small,express,4,1,-34.8872037,-56.0578942,-34.8874709,-56.0509052,0.639573576,1052
"Arocena, Montevideo, Uruguay","Mantua, Montevideo, Uruguay",small,express,4,2,-34.8872037,-56.0578942,-34.8874709,-56.0509052,0.639573576,1662
"Arocena, Montevideo, Uruguay","Mantua, Montevideo, Uruguay",small,express,4,3,-34.8872037,-56.0578942,-34.8874709,-56.0509052,0.639573576,2272
"Arocena, Montevideo, Uruguay","Mantua, Montevideo, Uruguay",small,express,4,4,-34.8872037,-56.0578942,-34.8874709,-56.0509052,0.639573576,2882
"Arocena, Montevideo, Uruguay","Mantua, Montevideo, Uruguay",small,express,4,5,-34.8872037,-56.0578942,-34.8874709,-56.0509052,0.639573576,3492
"Arocena, Montevideo, Uruguay","Mantua, Montevideo, Uruguay",small,express,5,0,-34.8872037,-56.0578942,-34.8874709,-56.0509052,0.639573576,506
"Arocena, Montevideo, Uruguay","Mantua, Montevideo, Uruguay",small,express,5,1,-34.8872037,-56.0578942,-34.8874709,-56.0509052,0.639573576,1116
"Arocena, Montevideo, Uruguay","Mantua, Montevideo, Uruguay",small,express,5,2,-34.8872037,-56.0578942,-34.8874709,-56.0509052,0.639573576,1726
"Arocena, Montevideo, Uruguay","Mantua, Montevideo, Uruguay",small,express,5,3,-34.8872037,-56.0578942,-34.8874709,-56.0509052,0.639573576,2336
"Arocena, Montevideo, Uruguay","Mantua, Montevideo, Uruguay",small,express,5,4,-34.8872037,-56.0578942,-34.8874709,-56.0509052,0.639573576,2946
"Arocena, Montevideo, Uruguay","Mantua, Montevideo, Uruguay",small,express,5,5,-34.8872037,-56.0578942,-34.8874709,-56.0509052,0.639573576,3556
"Arocena, Montevideo, Uruguay","Mantua, Montevideo, Uruguay",small,express,6,0,-34.8872037,-56.0578942,-34.8874709,-56.0509052,0.639573576,570
"Arocena, Montevideo, Uruguay","Mantua, Montevideo, Uruguay",small,express,6,1,-34.8872037,-56.0578942,-34.8874709,-56.0509052,0.639573576,1180
"Arocena, Montevideo, Uruguay","Mantua, Montevideo, Uruguay",small,express,6,2,-34.8872037,-56.0578942,-34.8874709,-56.0509052,0.639573576,1790
"Arocena, Montevideo, Uruguay","Mantua, Montevideo, Uruguay",small,express,6,3,-34.8872037,-56.0578942,-34.8874709,-56.0509052,0.639573576,2400
"Arocena, Montevideo, Uruguay","Mantua, Montevideo, Uruguay",small,express,6,4,-34.8872037,-56.0578942,-34.8874709,-56.0509052,0.639573576,3010
"Arocena, Montevideo, Uruguay","Mantua, Montevideo, Uruguay",small,express,6,5,-34.8872037,-56.0578942,-34.8874709,-56.0509052,0.639573576,3620
"Arocena, Montevideo, Uruguay","Mantua, Montevideo, Uruguay",small,express,7,0,-34.8872037,-56.0578942,-34.8874709,-56.0509052,0.639573576,634
"Arocena, Montevideo, Uruguay","Mantua, Montevideo, Uruguay",small,express,7,1,-34.8872037,-56.0578942,-34.8874709,-56.0509052,0.639573576,1244
"Arocena, Montevideo, Uruguay","Mantua, Montevideo, Uruguay",small,express,7,2,-34.8872037,-56.0578942,-34.8874709,-56.0509052,0.639573576,1854
"Arocena, Montevideo, Uruguay","Mantua, Montevideo, Uruguay",small,express,7,3,-34.8872037,-56.0578942,-34.8874709,-56.0509052,0.639573576,2464
"Arocena, Montevideo, Uruguay","Mantua, Montevideo, Uruguay",small,express,7,4,-34.8872037,-56.0578942,-34.8874709,-56.0509052,0.639573576,3074
"Arocena, Montevideo, Uruguay","Mantua, Montevideo, Uruguay",small,express,7,5,-34.8872037,-56.0578942,-34.8874709,-56.0509052,0.639573576,3684
"Arocena, Montevideo, Uruguay","Mantua, Montevideo, Uruguay",small,express,8,0,-34.8872037,-56.0578942,-34.8874709,-56.0509052,0.639573576,698
"Arocena, Montevideo, Uruguay","Mantua, Montevideo, Uruguay",small,express,8,1,-34.8872037,-56.0578942,-34.8874709,-56.0509052,0.639573576,1308
"Arocena, Montevideo, Uruguay","Mantua, Montevideo, Uruguay",small,express,8,2,-34.8872037,-56.0578942,-34.8874709,-56.0509052,0.639573576,1918
"Arocena, Montevideo, Uruguay","Mantua, Montevideo, Uruguay",small,express,8,3,-34.8872037,-56.0578942,-34.8874709,-56.0509052,0.639573576,2528
"Arocena, Montevideo, Uruguay","Mantua, Montevideo, Uruguay",small,express,8,4,-34.8872037,-56.0578942,-34.8874709,-56.0509052,0.639573576,3138
"Arocena, Montevideo, Uruguay","Mantua, Montevideo, Uruguay",small,express,8,5,-34.8872037,-56.0578942,-34.8874709,-56.0509052,0.639573576,3748
"Arocena, Montevideo, Uruguay","Mantua, Montevideo, Uruguay",small,express,9,0,-34.8872037,-56.0578942,-34.8874709,-56.0509052,0.639573576,762
"Arocena, Montevideo, Uruguay","Mantua, Montevideo, Uruguay",small,express,9,1,-34.8872037,-56.0578942,-34.8874709,-56.0509052,0.639573576,1372
"Arocena, Montevideo, Uruguay","Mantua, Montevideo, Uruguay",small,express,9,2,-34.8872037,-56.0578942,-34.8874709,-56.0509052,0.639573576,1982
"Arocena, Montevideo, Uruguay","Mantua, Montevideo, Uruguay",small,express,9,3,-34.8872037,-56.0578942,-34.8874709,-56.0509052,0.639573576,2592
"Arocena, Montevideo, Uruguay","Mantua, Montevideo, Uruguay",small,express,9,4,-34.8872037,-56.0578942,-34.8874709,-56.0509052,0.639573576,3202
"Arocena, Montevideo, Uruguay","Mantua, Montevideo, Uruguay",small,express,9,5,-34.8872037,-56.0578942,-34.8874709,-56.0509052,0.639573576,3812
"Arocena, Montevideo, Uruguay","Mantua, Montevideo, Uruguay",small,express,10,0,-34.8872037,-56.0578942,-34.8874709,-56.0509052,0.639573576,826
"Arocena, Montevideo, Uruguay","Mantua, Montevideo, Uruguay",small,express,10,1,-34.8872037,-56.0578942,-34.8874709,-56.0509052,0.639573576,1436
"Arocena, Montevideo, Uruguay","Mantua, Montevideo, Uruguay",small,express,10,2,-34.8872037,-56.0578942,-34.8874709,-56.0509052,0.639573576,2046
"Arocena, Montevideo, Uruguay","Mantua, Montevideo, Uruguay",small,express,10,3,-34.8872037,-56.0578942,-34.8874709,-56.0509052,0.639573576,2656
"Arocena, Montevideo, Uruguay","Mantua, Montevideo, Uruguay",small,express,10,4,-34.8872037,-56.0578942,-34.8874709,-56.0509052,0.639573576,3266
"Arocena, Montevideo, Uruguay","Mantua, Montevideo, Uruguay",small,express,10,5,-34.8872037,-56.0578942,-34.8874709,-56.0509052,0.639573576,3876
"Arocena, Montevideo, Uruguay","Mantua, Montevideo, Uruguay",small,coordinado,1,0,-34.8872037,-56.0578942,-34.8874709,-56.0509052,0.639573576,173
"Arocena, Montevideo, Uruguay","Mantua, Montevideo, Uruguay",small,coordinado,1,1,-34.8872037,-56.0578942,-34.8874709,-56.0509052,0.639573576,783
"Arocena, Montevideo, Uruguay","Mantua, Montevideo, Uruguay",small,coordinado,1,2,-34.8872037,-56.0578942,-34.8874709,-56.0509052,0.639573576,1393
"Arocena, Montevideo, Uruguay","Mantua, Montevideo, Uruguay",small,coordinado,1,3,-34.8872037,-56.0578942,-34.8874709,-56.0509052,0.639573576,2003
"Arocena, Montevideo, Uruguay","Mantua, Montevideo, Uruguay",small,coordinado,1,4,-34.8872037,-56.0578942,-34.8874709,-56.0509052,0.639573576,2613
"Arocena, Montevideo, Uruguay","Mantua, Montevideo, Uruguay",small,coordinado,1,5,-34.8872037,-56.0578942,-34.8874709,-56.0509052,0.639573576,3223
"Arocena, Montevideo, Uruguay","Mantua, Montevideo, Uruguay",small,coordinado,2,0,-34.8872037,-56.0578942,-34.8874709,-56.0509052,0.639573576,198
"Arocena, Montevideo, Uruguay","Mantua, Montevideo, Uruguay",small,coordinado,2,1,-34.8872037,-56.0578942,-34.8874709,-56.0509052,0.639573576,808
"Arocena, Montevideo, Uruguay","Mantua, Montevideo, Uruguay",small,coordinado,2,2,-34.8872037,-56.0578942,-34.8874709,-56.0509052,0.639573576,1418
"Arocena, Montevideo, Uruguay","Mantua, Montevideo, Uruguay",small,coordinado,2,3,-34.8872037,-56.0578942,-34.8874709,-56.0509052,0.639573576,2028
"Arocena, Montevideo, Uruguay","Mantua, Montevideo, Uruguay",small,coordinado,2,4,-34.8872037,-56.0578942,-34.8874709,-56.0509052,0.639573576,2638
"Arocena, Montevideo, Uruguay","Mantua, Montevideo, Uruguay",small,coordinado,2,5,-34.8872037,-56.0578942,-34.8874709,-56.0509052,0.639573576,3248
"Arocena, Montevideo, Uruguay","Mantua, Montevideo, Uruguay",small,coordinado,3,0,-34.8872037,-56.0578942,-34.8874709,-56.0509052,0.639573576,224
"Arocena, Montevideo, Uruguay","Mantua, Montevideo, Uruguay",small,coordinado,3,1,-34.8872037,-56.0578942,-34.8874709,-56.0509052,0.639573576,834
"Arocena, Montevideo, Uruguay","Mantua, Montevideo, Uruguay",small,coordinado,3,2,-34.8872037,-56.0578942,-34.8874709,-56.0509052,0.639573576,1444
"Arocena, Montevideo, Uruguay","Mantua, Montevideo, Uruguay",small,coordinado,3,3,-34.8872037,-56.0578942,-34.8874709,-56.0509052,0.639573576,2054
"Arocena, Montevideo, Uruguay","Mantua, Montevideo, Uruguay",small,coordinado,3,4,-34.8872037,-56.0578942,-34.8874709,-56.0509052,0.639573576,2664
"Arocena, Montevideo, Uruguay","Mantua, Montevideo, Uruguay",small,coordinado,3,5,-34.8872037,-56.0578942,-34.8874709,-56.0509052,0.639573576,3274
"Arocena, Montevideo, Uruguay","Mantua, Montevideo, Uruguay",small,coordinado,4,0,-34.8872037,-56.0578942,-34.8874709,-56.0509052,0.639573576,250
"Arocena, Montevideo, Uruguay","Mantua, Montevideo, Uruguay",small,coordinado,4,1,-34.8872037,-56.0578942,-34.8874709,-56.0509052,0.639573576,860
"Arocena, Montevideo, Uruguay","Mantua, Montevideo, Uruguay",small,coordinado,4,2,-34.8872037,-56.0578942,-34.8874709,-56.0509052,0.639573576,1470
"Arocena, Montevideo, Uruguay","Mantua, Montevideo, Uruguay",small,coordinado,4,3,-34.8872037,-56.0578942,-34.8874709,-56.0509052,0.639573576,2080
"Arocena, Montevideo, Uruguay","Mantua, Montevideo, Uruguay",small,coordinado,4,4,-34.8872037,-56.0578942,-34.8874709,-56.0509052,0.639573576,2690
"Arocena, Montevideo, Uruguay","Mantua, Montevideo, Uruguay",small,coordinado,4,5,-34.8872037,-56.0578942,-34.8874709,-56.0509052,0.639573576,3300
"Arocena, Montevideo, Uruguay","Mantua, Montevideo, Uruguay",small,coordinado,5,0,-34.8872037,-56.0578942,-34.8874709,-56.0509052,0.639573576,275
"Arocena, Montevideo, Uruguay","Mantua, Montevideo, Uruguay",small,coordinado,5,1,-34.8872037,-56.0578942,-34.8874709,-56.0509052,0.639573576,885
"Arocena, Montevideo, Uruguay","Mantua, Montevideo, Uruguay",small,coordinado,5,2,-34.8872037,-56.0578942,-34.8874709,-56.0509052,0.639573576,1495
"Arocena, Montevideo, Uruguay","Mantua, Montevideo, Uruguay",small,coordinado,5,3,-34.8872037,-56.0578942,-34.8874709,-56.0509052,0.639573576,2105
"Arocena, Montevideo, Uruguay","Mantua, Montevideo, Uruguay",small,coordinado,5,4,-34.8872037,-56.0578942,-34.8874709,-56.0509052,0.639573576,2715
"Arocena, Montevideo, Uruguay","Mantua, Montevideo, Uruguay",small,coordinado,5,5,-34.8872037,-56.0578942,-34.8874709,-56.0509052,0.639573576,3325
"Arocena, Montevideo, Uruguay","Mantua, Montevideo, Uruguay",small,coordinado,6,0,-34.8872037,-56.0578942,-34.8874709,-56.0509052,0.639573576,301
"Arocena, Montevideo, Uruguay","Mantua, Montevideo, Uruguay",small,coordinado,6,1,-34.8872037,-56.0578942,-34.8874709,-56.0509052,0.639573576,911
"Arocena, Montevideo, Uruguay","Mantua, Montevideo, Uruguay",small,coordinado,6,2,-34.8872037,-56.0578942,-34.8874709,-56.0509052,0.639573576,1521
"Arocena, Montevideo, Uruguay","Mantua, Montevideo, Uruguay",small,coordinado,6,3,-34.8872037,-56.0578942,-34.8874709,-56.0509052,0.639573576,2131
"Arocena, Montevideo, Uruguay","Mantua, Montevideo, Uruguay",small,coordinado,6,4,-34.8872037,-56.0578942,-34.8874709,-56.0509052,0.639573576,2741
"Arocena, Montevideo, Uruguay","Mantua, Montevideo, Uruguay",small,coordinado,6,5,-34.8872037,-56.0578942,-34.8874709,-56.0509052,0.639573576,3351
"Arocena, Montevideo, Uruguay","Mantua, Montevideo, Uruguay",small,coordinado,7,0,-34.8872037,-56.0578942,-34.8874709,-56.0509052,0.639573576,326
"Arocena, Montevideo, Uruguay","Mantua, Montevideo, Uruguay",small,coordinado,7,1,-34.8872037,-56.0578942,-34.8874709,-56.0509052,0.639573576,936
"Arocena, Montevideo, Uruguay","Mantua, Montevideo, Uruguay",small,coordinado,7,2,-34.8872037,-56.0578942,-34.8874709,-56.0509052,0.639573576,1546
"Arocena, Montevideo, Uruguay","Mantua, Montevideo, Uruguay",small,coordinado,7,3,-34.8872037,-56.0578942,-34.8874709,-56.0509052,0.639573576,2156
"Arocena, Montevideo, Uruguay","Mantua, Montevideo, Uruguay",small,coordinado,7,4,-34.8872037,-56.0578942,-34.8874709,-56.0509052,0.639573576,2766
"Arocena, Montevideo, Uruguay","Mantua, Montevideo, Uruguay",small,coordinado,7,5,-34.8872037,-56.0578942,-34.8874709,-56.0509052,0.639573576,3376
"Arocena, Montevideo, Uruguay","Mantua, Montevideo, Uruguay",small,coordinado,8,0,-34.8872037,-56.0578942,-34.8874709,-56.0509052,0.639573576,352
"Arocena, Montevideo, Uruguay","Mantua, Montevideo, Uruguay",small,coordinado,8,1,-34.8872037,-56.0578942,-34.8874709,-56.0509052,0.639573576,962
"Arocena, Montevideo, Uruguay","Mantua, Montevideo, Uruguay",small,coordinado,8,2,-34.8872037,-56.0578942,-34.8874709,-56.0509052,0.639573576,1572
"Arocena, Montevideo, Uruguay","Mantua, Montevideo, Uruguay",small,coordinado,8,3,-34.8872037,-56.0578942,-34.8874709,-56.0509052,0.639573576,2182
"Arocena, Montevideo, Uruguay","Mantua, Montevideo, Uruguay",small,coordinado,8,4,-34.8872037,-56.0578942,-34.8874709,-56.0509052,0.639573576,2792
"Arocena, Montevideo, Uruguay","Mantua, Montevideo, Uruguay",small,coordinado,8,5,-34.8872037,-56.0578942,-34.8874709,-56.0509052,0.639573576,3402
"Arocena, Montevideo, Uruguay","Mantua, Montevideo, Uruguay",small,coordinado,9,0,-34.8872037,-56.0578942,-34.8874709,-56.0509052,0.639573576,378
"Arocena, Montevideo, Uruguay","Mantua, Montevideo, Uruguay",small,coordinado,9,1,-34.8872037,-56.0578942,-34.8874709,-56.0509052,0.639573576,988
"Arocena, Montevideo, Uruguay","Mantua, Montevideo, Uruguay",small,coordinado,9,2,-34.8872037,-56.0578942,-34.8874709,-56.0509052,0.639573576,1598
"Arocena, Montevideo, Uruguay","Mantua, Montevideo, Uruguay",small,coordinado,9,3,-34.8872037,-56.0578942,-34.8874709,-56.0509052,0.639573576,2208
"Arocena, Montevideo, Uruguay","Mantua, Montevideo, Uruguay",small,coordinado,9,4,-34.8872037,-56.0578942,-34.8874709,-56.0509052,0.639573576,2818
"Arocena, Montevideo, Uruguay","Mantua, Montevideo, Uruguay",small,coordinado,9,5,-34.8872037,-56.0578942,-34.8874709,-56.0509052,0.639573576,3428
"Arocena, Montevideo, Uruguay","Mantua, Montevideo, Uruguay",small,coordinado,10,0,-34.8872037,-56.0578942,-34.8874709,-56.0509052,0.639573576,403
"Arocena, Montevideo, Uruguay","Mantua, Montevideo, Uruguay",small,coordinado,10,1,-34.8872037,-56.0578942,-34.8874709,-56.0509052,0.639573576,1013
"Arocena, Montevideo, Uruguay","Mantua, Montevideo, Uruguay",small,coordinado,10,2,-34.8872037,-56.0578942,-34.8874709,-56.0509052,0.639573576,1623
"Arocena, Montevideo, Uruguay","Mantua, Montevideo, Uruguay",small,coordinado,10,3,-34.8872037,-56.0578942,-34.8874709,-56.0509052,0.639573576,2233
"Arocena, Montevideo, Uruguay","Mantua, Montevideo, Uruguay",small,coordinado,10,4,-34.8872037,-56.0578942,-34.8874709,-56.0509052,0.639573576,2843
"Arocena, Montevideo, Uruguay","Mantua, Montevideo, Uruguay",small,coordinado,10,5,-34.8872037,-56.0578942,-34.8874709,-56.0509052,0.639573576,3453
"Arocena, Montevideo, Uruguay","Mantua, Montevideo, Uruguay",medium,express,1,0,-34.8872037,-56.0578942,-34.8874709,-56.0509052,0.639573576,268
"Arocena, Montevideo, Uruguay","Mantua, Montevideo, Uruguay",medium,express,1,1,-34.8872037,-56.0578942,-34.8874709,-56.0509052,0.639573576,878
"Arocena, Montevideo, Uruguay","Mantua, Montevideo, Uruguay",medium,express,1,2,-34.8872037,-56.0578942,-34.8874709,-56.0509052,0.639573576,1488
"Arocena, Montevideo, Uruguay","Mantua, Montevideo, Uruguay",medium,express,1,3,-34.8872037,-56.0578942,-34.8874709,-56.0509052,0.639573576,2098
"Arocena, Montevideo, Uruguay","Mantua, Montevideo, Uruguay",medium,express,1,4,-34.8872037,-56.0578942,-34.8874709,-56.0509052,0.639573576,2708
"Arocena, Montevideo, Uruguay","Mantua, Montevideo, Uruguay",medium,express,1,5,-34.8872037,-56.0578942,-34.8874709,-56.0509052,0.639573576,3318
"Arocena, Montevideo, Uruguay","Mantua, Montevideo, Uruguay",medium,express,2,0,-34.8872037,-56.0578942,-34.8874709,-56.0509052,0.639573576,341
"Arocena, Montevideo, Uruguay","Mantua, Montevideo, Uruguay",medium,express,2,1,-34.8872037,-56.0578942,-34.8874709,-56.0509052,0.639573576,951
"Arocena, Montevideo, Uruguay","Mantua, Montevideo, Uruguay",medium,express,2,2,-34.8872037,-56.0578942,-34.8874709,-56.0509052,0.639573576,1561
"Arocena, Montevideo, Uruguay","Mantua, Montevideo, Uruguay",medium,express,2,3,-34.8872037,-56.0578942,-34.8874709,-56.0509052,0.639573576,2171
"Arocena, Montevideo, Uruguay","Mantua, Montevideo, Uruguay",medium,express,2,4,-34.8872037,-56.0578942,-34.8874709,-56.0509052,0.639573576,2781
"Arocena, Montevideo, Uruguay","Mantua, Montevideo, Uruguay",medium,express,2,5,-34.8872037,-56.0578942,-34.8874709,-56.0509052,0.639573576,3391
"Arocena, Montevideo, Uruguay","Mantua, Montevideo, Uruguay",medium,express,3,0,-34.8872037,-56.0578942,-34.8874709,-56.0509052,0.639573576,414
"Arocena, Montevideo, Uruguay","Mantua, Montevideo, Uruguay",medium,express,3,1,-34.8872037,-56.0578942,-34.8874709,-56.0509052,0.639573576,1024
"Arocena, Montevideo, Uruguay","Mantua, Montevideo, Uruguay",medium,express,3,2,-34.8872037,-56.0578942,-34.8874709,-56.0509052,0.639573576,1634
"Arocena, Montevideo, Uruguay","Mantua, Montevideo, Uruguay",medium,express,3,3,-34.8872037,-56.0578942,-34.8874709,-56.0509052,0.639573576,2244
"Arocena, Montevideo, Uruguay","Mantua, Montevideo, Uruguay",medium,express,3,4,-34.8872037,-56.0578942,-34.8874709,-56.0509052,0.639573576,2854
"Arocena, Montevideo, Uruguay","Mantua, Montevideo, Uruguay",medium,express,3,5,-34.8872037,-56.0578942,-34.8874709,-56.0509052,0.639573576,3464
"Arocena, Montevideo, Uruguay","Mantua, Montevideo, Uruguay",medium,express,4,0,-34.8872037,-56.0578942,-34.8874709,-56.0509052,0.639573576,488
"Arocena, Montevideo, Uruguay","Mantua, Montevideo, Uruguay",medium,express,4,1,-34.8872037,-56.0578942,-34.8874709,-56.0509052,0.639573576,1098
"Arocena, Montevideo, Uruguay","Mantua, Montevideo, Uruguay",medium,express,4,2,-34.8872037,-56.0578942,-34.8874709,-56.0509052,0.639573576,1708
"Arocena, Montevideo, Uruguay","Mantua, Montevideo, Uruguay",medium,express,4,3,-34.8872037,-56.0578942,-34.8874709,-56.0509052,0.639573576,2318
"Arocena, Montevideo, Uruguay","Mantua, Montevideo, Uruguay",medium,express,4,4,-34.8872037,-56.0578942,-34.8874709,-56.0509052,0.639573576,2928
"Arocena, Montevideo, Uruguay","Mantua, Montevideo, Uruguay",medium,express,4,5,-34.8872037,-56.0578942,-34.8874709,-56.0509052,0.639573576,3538
"Arocena, Montevideo, Uruguay","Mantua, Montevideo, Uruguay",medium,express,5,0,-34.8872037,-56.0578942,-34.8874709,-56.0509052,0.639573576,561
"Arocena, Montevideo, Uruguay","Mantua, Montevideo, Uruguay",medium,express,5,1,-34.8872037,-56.0578942,-34.8874709,-56.0509052,0.639573576,1171
"Arocena, Montevideo, Uruguay","Mantua, Montevideo, Uruguay",medium,express,5,2,-34.8872037,-56.0578942,-34.8874709,-56.0509052,0.639573576,1781
"Arocena, Montevideo, Uruguay","Mantua, Montevideo, Uruguay",medium,express,5,3,-34.8872037,-56.0578942,-34.8874709,-56.0509052,0.639573576,2391
"Arocena, Montevideo, Uruguay","Mantua, Montevideo, Uruguay",medium,express,5,4,-34.8872037,-56.0578942,-34.8874709,-56.0509052,0.639573576,3001
"Arocena, Montevideo, Uruguay","Mantua, Montevideo, Uruguay",medium,express,5,5,-34.8872037,-56.0578942,-34.8874709,-56.0509052,0.639573576,3611
"Arocena, Montevideo, Uruguay","Mantua, Montevideo, Uruguay",medium,express,6,0,-34.8872037,-56.0578942,-34.8874709,-56.0509052,0.639573576,634
"Arocena, Montevideo, Uruguay","Mantua, Montevideo, Uruguay",medium,express,6,1,-34.8872037,-56.0578942,-34.8874709,-56.0509052,0.639573576,1244
"Arocena, Montevideo, Uruguay","Mantua, Montevideo, Uruguay",medium,express,6,2,-34.8872037,-56.0578942,-34.8874709,-56.0509052,0.639573576,1854
"Arocena, Montevideo, Uruguay","Mantua, Montevideo, Uruguay",medium,express,6,3,-34.8872037,-56.0578942,-34.8874709,-56.0509052,0.639573576,2464
"Arocena, Montevideo, Uruguay","Mantua, Montevideo, Uruguay",medium,express,6,4,-34.8872037,-56.0578942,-34.8874709,-56.0509052,0.639573576,3074
"Arocena, Montevideo, Uruguay","Mantua, Montevideo, Uruguay",medium,express,6,5,-34.8872037,-56.0578942,-34.8874709,-56.0509052,0.639573576,3684
"Arocena, Montevideo, Uruguay","Mantua, Montevideo, Uruguay",medium,express,7,0,-34.8872037,-56.0578942,-34.8874709,-56.0509052,0.639573576,707
"Arocena, Montevideo, Uruguay","Mantua, Montevideo, Uruguay",medium,express,7,1,-34.8872037,-56.0578942,-34.8874709,-56.0509052,0.639573576,1317
"Arocena, Montevideo, Uruguay","Mantua, Montevideo, Uruguay",medium,express,7,2,-34.8872037,-56.0578942,-34.8874709,-56.0509052,0.639573576,1927
"Arocena, Montevideo, Uruguay","Mantua, Montevideo, Uruguay",medium,express,7,3,-34.8872037,-56.0578942,-34.8874709,-56.0509052,0.639573576,2537
"Arocena, Montevideo, Uruguay","Mantua, Montevideo, Uruguay",medium,express,7,4,-34.8872037,-56.0578942,-34.8874709,-56.0509052,0.639573576,3147
"Arocena, Montevideo, Uruguay","Mantua, Montevideo, Uruguay",medium,express,7,5,-34.8872037,-56.0578942,-34.8874709,-56.0509052,0.639573576,3757
"Arocena, Montevideo, Uruguay","Mantua, Montevideo, Uruguay",medium,express,8,0,-34.8872037,-56.0578942,-34.8874709,-56.0509052,0.639573576,780
"Arocena, Montevideo, Uruguay","Mantua, Montevideo, Uruguay",medium,express,8,1,-34.8872037,-56.0578942,-34.8874709,-56.0509052,0.639573576,1390
"Arocena, Montevideo, Uruguay","Mantua, Montevideo, Uruguay",medium,express,8,2,-34.8872037,-56.0578942,-34.8874709,-56.0509052,0.639573576,2000
"Arocena, Montevideo, Uruguay","Mantua, Montevideo, Uruguay",medium,express,8,3,-34.8872037,-56.0578942,-34.8874709,-56.0509052,0.639573576,2610
"Arocena, Montevideo, Uruguay","Mantua, Montevideo, Uruguay",medium,express,8,4,-34.8872037,-56.0578942,-34.8874709,-56.0509052,0.639573576,3220
"Arocena, Montevideo, Uruguay","Mantua, Montevideo, Uruguay",medium,express,8,5,-34.8872037,-56.0578942,-34.8874709,-56.0509052,0.639573576,3830
"Arocena, Montevideo, Uruguay","Mantua, Montevideo, Uruguay",medium,express,9,0,-34.8872037,-56.0578942,-34.8874709,-56.0509052,0.639573576,854
"Arocena, Montevideo, Uruguay","Mantua, Montevideo, Uruguay",medium,express,9,1,-34.8872037,-56.0578942,-34.8874709,-56.0509052,0.639573576,1464
"Arocena, Montevideo, Uruguay","Mantua, Montevideo, Uruguay",medium,express,9,2,-34.8872037,-56.0578942,-34.8874709,-56.0509052,0.639573576,2074
"Arocena, Montevideo, Uruguay","Mantua, Montevideo, Uruguay",medium,express,9,3,-34.8872037,-56.0578942,-34.8874709,-56.0509052,0.639573576,2684
"Arocena, Montevideo, Uruguay","Mantua, Montevideo, Uruguay",medium,express,9,4,-34.8872037,-56.0578942,-34.8874709,-56.0509052,0.639573576,3294
"Arocena, Montevideo, Uruguay","Mantua, Montevideo, Uruguay",medium,express,9,5,-34.8872037,-56.0578942,-34.8874709,-56.0509052,0.639573576,3904
"Arocena, Montevideo, Uruguay","Mantua, Montevideo, Uruguay",medium,express,10,0,-34.8872037,-56.0578942,-34.8874709,-56.0509052,0.639573576,927
"Arocena, Montevideo, Uruguay","Mantua, Montevideo, Uruguay",medium,express,10,1,-34.8872037,-56.0578942,-34.8874709,-56.0509052,0.639573576,1537
"Arocena, Montevideo, Uruguay","Mantua, Montevideo, Uruguay",medium,express,10,2,-34.8872037,-56.0578942,-34.8874709,-56.0509052,0.639573576,2147
"Arocena, Montevideo, Uruguay","Mantua, Montevideo, Uruguay",medium,express,10,3,-34.8872037,-56.0578942,-34.8874709,-56.0509052,0.639573576,2757
"Arocena, Montevideo, Uruguay","Mantua, Montevideo, Uruguay",medium,express,10,4,-34.8872037,-56.0578942,-34.8874709,-56.0509052,0.639573576,3367
"Arocena, Montevideo, Uruguay","Mantua, Montevideo, Uruguay",medium,express,10,5,-34.8872037,-56.0578942,-34.8874709,-56.0509052,0.639573576,3977
"Arocena, Montevideo, Uruguay","Mantua, Montevideo, Uruguay",medium,coordinado,1,0,-34.8872037,-56.0578942,-34.8874709,-56.0509052,0.639573576,189
"Arocena, Montevideo, Uruguay","Mantua, Montevideo, Uruguay",medium,coordinado,1,1,-34.8872037,-56.0578942,-34.8874709,-56.0509052,0.639573576,799
"Arocena, Montevideo, Uruguay","Mantua, Montevideo, Uruguay",medium,coordinado,1,2,-34.8872037,-56.0578942,-34.8874709,-56.0509052,0.639573576,1409
"Arocena, Montevideo, Uruguay","Mantua, Montevideo, Uruguay",medium,coordinado,1,3,-34.8872037,-56.0578942,-34.8874709,-56.0509052,0.639573576,2019
"Arocena, Montevideo, Uruguay","Mantua, Montevideo, Uruguay",medium,coordinado,1,4,-34.8872037,-56.0578942,-34.8874709,-56.0509052,0.639573576,2629
"Arocena, Montevideo, Uruguay","Mantua, Montevideo, Uruguay",medium,coordinado,1,5,-34.8872037,-56.0578942,-34.8874709,-56.0509052,0.639573576,3239
"Arocena, Montevideo, Uruguay","Mantua, Montevideo, Uruguay",medium,coordinado,2,0,-34.8872037,-56.0578942,-34.8874709,-56.0509052,0.639573576,222
"Arocena, Montevideo, Uruguay","Mantua, Montevideo, Uruguay",medium,coordinado,2,1,-34.8872037,-56.0578942,-34.8874709,-56.0509052,0.639573576,832
"Arocena, Montevideo, Uruguay","Mantua, Montevideo, Uruguay",medium,coordinado,2,2,-34.8872037,-56.0578942,-34.8874709,-56.0509052,0.639573576,1442
"Arocena, Montevideo, Uruguay","Mantua, Montevideo, Uruguay",medium,coordinado,2,3,-34.8872037,-56.0578942,-34.8874709,-56.0509052,0.639573576,2052
"Arocena, Montevideo, Uruguay","Mantua, Montevideo, Uruguay",medium,coordinado,2,4,-34.8872037,-56.0578942,-34.8874709,-56.0509052,0.639573576,2662
"Arocena, Montevideo, Uruguay","Mantua, Montevideo, Uruguay",medium,coordinado,2,5,-34.8872037,-56.0578942,-34.8874709,-56.0509052,0.639573576,3272
"Arocena, Montevideo, Uruguay","Mantua, Montevideo, Uruguay",medium,coordinado,3,0,-34.8872037,-56.0578942,-34.8874709,-56.0509052,0.639573576,256
"Arocena, Montevideo, Uruguay","Mantua, Montevideo, Uruguay",medium,coordinado,3,1,-34.8872037,-56.0578942,-34.8874709,-56.0509052,0.639573576,866
"Arocena, Montevideo, Uruguay","Mantua, Montevideo, Uruguay",medium,coordinado,3,2,-34.8872037,-56.0578942,-34.8874709,-56.0509052,0.639573576,1476
"Arocena, Montevideo, Uruguay","Mantua, Montevideo, Uruguay",medium,coordinado,3,3,-34.8872037,-56.0578942,-34.8874709,-56.0509052,0.639573576,2086
"Arocena, Montevideo, Uruguay","Mantua, Montevideo, Uruguay",medium,coordinado,3,4,-34.8872037,-56.0578942,-34.8874709,-56.0509052,0.639573576,2696
"Arocena, Montevideo, Uruguay","Mantua, Montevideo, Uruguay",medium,coordinado,3,5,-34.8872037,-56.0578942,-34.8874709,-56.0509052,0.639573576,3306
"Arocena, Montevideo, Uruguay","Mantua, Montevideo, Uruguay",medium,coordinado,4,0,-34.8872037,-56.0578942,-34.8874709,-56.0509052,0.639573576,289
"Arocena, Montevideo, Uruguay","Mantua, Montevideo, Uruguay",medium,coordinado,4,1,-34.8872037,-56.0578942,-34.8874709,-56.0509052,0.639573576,899
"Arocena, Montevideo, Uruguay","Mantua, Montevideo, Uruguay",medium,coordinado,4,2,-34.8872037,-56.0578942,-34.8874709,-56.0509052,0.639573576,1509
"Arocena, Montevideo, Uruguay","Mantua, Montevideo, Uruguay",medium,coordinado,4,3,-34.8872037,-56.0578942,-34.8874709,-56.0509052,0.639573576,2119
"Arocena, Montevideo, Uruguay","Mantua, Montevideo, Uruguay",medium,coordinado,4,4,-34.8872037,-56.0578942,-34.8874709,-56.0509052,0.639573576,2729
"Arocena, Montevideo, Uruguay","Mantua, Montevideo, Uruguay",medium,coordinado,4,5,-34.8872037,-56.0578942,-34.8874709,-56.0509052,0.639573576,3339
"Arocena, Montevideo, Uruguay","Mantua, Montevideo, Uruguay",medium,coordinado,5,0,-34.8872037,-56.0578942,-34.8874709,-56.0509052,0.639573576,323
"Arocena, Montevideo, Uruguay","Mantua, Montevideo, Uruguay",medium,coordinado,5,1,-34.8872037,-56.0578942,-34.8874709,-56.0509052,0.639573576,933
"Arocena, Montevideo, Uruguay","Mantua, Montevideo, Uruguay",medium,coordinado,5,2,-34.8872037,-56.0578942,-34.8874709,-56.0509052,0.639573576,1543
"Arocena, Montevideo, Uruguay","Mantua, Montevideo, Uruguay",medium,coordinado,5,3,-34.8872037,-56.0578942,-34.8874709,-56.0509052,0.639573576,2153
"Arocena, Montevideo, Uruguay","Mantua, Montevideo, Uruguay",medium,coordinado,5,4,-34.8872037,-56.0578942,-34.8874709,-56.0509052,0.639573576,2763
"Arocena, Montevideo, Uruguay","Mantua, Montevideo, Uruguay",medium,coordinado,5,5,-34.8872037,-56.0578942,-34.8874709,-56.0509052,0.639573576,3373
"Arocena, Montevideo, Uruguay","Mantua, Montevideo, Uruguay",medium,coordinado,6,0,-34.8872037,-56.0578942,-34.8874709,-56.0509052,0.639573576,356
"Arocena, Montevideo, Uruguay","Mantua, Montevideo, Uruguay",medium,coordinado,6,1,-34.8872037,-56.0578942,-34.8874709,-56.0509052,0.639573576,966
"Arocena, Montevideo, Uruguay","Mantua, Montevideo, Uruguay",medium,coordinado,6,2,-34.8872037,-56.0578942,-34.8874709,-56.0509052,0.639573576,1576
"Arocena, Montevideo, Uruguay","Mantua, Montevideo, Uruguay",medium,coordinado,6,3,-34.8872037,-56.0578942,-34.8874709,-56.0509052,0.639573576,2186
"Arocena, Montevideo, Uruguay","Mantua, Montevideo, Uruguay",medium,coordinado,6,4,-34.8872037,-56.0578942,-34.8874709,-56.0509052,0.639573576,2796
"Arocena, Montevideo, Uruguay","Mantua, Montevideo, Uruguay",medium,coordinado,6,5,-34.8872037,-56.0578942,-34.8874709,-56.0509052,0.639573576,3406
"Arocena, Montevideo, Uruguay","Mantua, Montevideo, Uruguay",medium,coordinado,7,0,-34.8872037,-56.0578942,-34.8874709,-56.0509052,0.639573576,390
"Arocena, Montevideo, Uruguay","Mantua, Montevideo, Uruguay",medium,coordinado,7,1,-34.8872037,-56.0578942,-34.8874709,-56.0509052,0.639573576,1000
"Arocena, Montevideo, Uruguay","Mantua, Montevideo, Uruguay",medium,coordinado,7,2,-34.8872037,-56.0578942,-34.8874709,-56.0509052,0.639573576,1610
"Arocena, Montevideo, Uruguay","Mantua, Montevideo, Uruguay",medium,coordinado,7,3,-34.8872037,-56.0578942,-34.8874709,-56.0509052,0.639573576,2220
"Arocena, Montevideo, Uruguay","Mantua, Montevideo, Uruguay",medium,coordinado,7,4,-34.8872037,-56.0578942,-34.8874709,-56.0509052,0.639573576,2830
"Arocena, Montevideo, Uruguay","Mantua, Montevideo, Uruguay",medium,coordinado,7,5,-34.8872037,-56.0578942,-34.8874709,-56.0509052,0.639573576,3440
"Arocena, Montevideo, Uruguay","Mantua, Montevideo, Uruguay",medium,coordinado,8,0,-34.8872037,-56.0578942,-34.8874709,-56.0509052,0.639573576,423
"Arocena, Montevideo, Uruguay","Mantua, Montevideo, Uruguay",medium,coordinado,8,1,-34.8872037,-56.0578942,-34.8874709,-56.0509052,0.639573576,1033
"Arocena, Montevideo, Uruguay","Mantua, Montevideo, Uruguay",medium,coordinado,8,2,-34.8872037,-56.0578942,-34.8874709,-56.0509052,0.639573576,1643
"Arocena, Montevideo, Uruguay","Mantua, Montevideo, Uruguay",medium,coordinado,8,3,-34.8872037,-56.0578942,-34.8874709,-56.0509052,0.639573576,2253
"Arocena, Montevideo, Uruguay","Mantua, Montevideo, Uruguay",medium,coordinado,8,4,-34.8872037,-56.0578942,-34.8874709,-56.0509052,0.639573576,2863
"Arocena, Montevideo, Uruguay","Mantua, Montevideo, Uruguay",medium,coordinado,8,5,-34.8872037,-56.0578942,-34.8874709,-56.0509052,0.639573576,3473
"Arocena, Montevideo, Uruguay","Mantua, Montevideo, Uruguay",medium,coordinado,9,0,-34.8872037,-56.0578942,-34.8874709,-56.0509052,0.639573576,457
"Arocena, Montevideo, Uruguay","Mantua, Montevideo, Uruguay",medium,coordinado,9,1,-34.8872037,-56.0578942,-34.8874709,-56.0509052,0.639573576,1067
"Arocena, Montevideo, Uruguay","Mantua, Montevideo, Uruguay",medium,coordinado,9,2,-34.8872037,-56.0578942,-34.8874709,-56.0509052,0.639573576,1677
"Arocena, Montevideo, Uruguay","Mantua, Montevideo, Uruguay",medium,coordinado,9,3,-34.8872037,-56.0578942,-34.8874709,-56.0509052,0.639573576,2287
"Arocena, Montevideo, Uruguay","Mantua, Montevideo, Uruguay",medium,coordinado,9,4,-34.8872037,-56.0578942,-34.8874709,-56.0509052,0.639573576,2897
"Arocena, Montevideo, Uruguay","Mantua, Montevideo, Uruguay",medium,coordinado,9,5,-34.8872037,-56.0578942,-34.8874709,-56.0509052,0.639573576,3507
"Arocena, Montevideo, Uruguay","Mantua, Montevideo, Uruguay",medium,coordinado,10,0,-34.8872037,-56.0578942,-34.8874709,-56.0509052,0.639573576,491
"Arocena, Montevideo, Uruguay","Mantua, Montevideo, Uruguay",medium,coordinado,10,1,-34.8872037,-56.0578942,-34.8874709,-56.0509052,0.639573576,1101
"Arocena, Montevideo, Uruguay","Mantua, Montevideo, Uruguay",medium,coordinado,10,2,-34.8872037,-56.0578942,-34.8874709,-56.0509052,0.639573576,1711
"Arocena, Montevideo, Uruguay","Mantua, Montevideo, Uruguay",medium,coordinado,10,3,-34.8872037,-56.0578942,-34.8874709,-56.0509052,0.639573576,2321
"Arocena, Montevideo, Uruguay","Mantua, Montevideo, Uruguay",medium,coordinado,10,4,-34.8872037,-56.0578942,-34.8874709,-56.0509052,0.639573576,2931
"Arocena, Montevideo, Uruguay","Mantua, Montevideo, Uruguay",medium,coordinado,10,5,-34.8872037,-56.0578942,-34.8874709,-56.0509052,0.639573576,3541
"Arocena, Montevideo, Uruguay","Mantua, Montevideo, Uruguay",large,express,1,0,-34.8872037,-56.0578942,-34.8874709,-56.0509052,0.639573576,323
"Arocena, Montevideo, Uruguay","Mantua, Montevideo, Uruguay",large,express,1,1,-34.8872037,-56.0578942,-34.8874709,-56.0509052,0.639573576,933
"Arocena, Montevideo, Uruguay","Mantua, Montevideo, Uruguay",large,express,1,2,-34.8872037,-56.0578942,-34.8874709,-56.0509052,0.639573576,1543
"Arocena, Montevideo, Uruguay","Mantua, Montevideo, Uruguay",large,express,1,3,-34.8872037,-56.0578942,-34.8874709,-56.0509052,0.639573576,2153
"Arocena, Montevideo, Uruguay","Mantua, Montevideo, Uruguay",large,express,1,4,-34.8872037,-56.0578942,-34.8874709,-56.0509052,0.639573576,2763
"Arocena, Montevideo, Uruguay","Mantua, Montevideo, Uruguay",large,express,1,5,-34.8872037,-56.0578942,-34.8874709,-56.0509052,0.639573576,3373
"Arocena, Montevideo, Uruguay","Mantua, Montevideo, Uruguay",large,express,2,0,-34.8872037,-56.0578942,-34.8874709,-56.0509052,0.639573576,423
"Arocena, Montevideo, Uruguay","Mantua, Montevideo, Uruguay",large,express,2,1,-34.8872037,-56.0578942,-34.8874709,-56.0509052,0.639573576,1033
"Arocena, Montevideo, Uruguay","Mantua, Montevideo, Uruguay",large,express,2,2,-34.8872037,-56.0578942,-34.8874709,-56.0509052,0.639573576,1643
"Arocena, Montevideo, Uruguay","Mantua, Montevideo, Uruguay",large,express,2,3,-34.8872037,-56.0578942,-34.8874709,-56.0509052,0.639573576,2253
"Arocena, Montevideo, Uruguay","Mantua, Montevideo, Uruguay",large,express,2,4,-34.8872037,-56.0578942,-34.8874709,-56.0509052,0.639573576,2863
"Arocena, Montevideo, Uruguay","Mantua, Montevideo, Uruguay",large,express,2,5,-34.8872037,-56.0578942,-34.8874709,-56.0509052,0.639573576,3473
"Arocena, Montevideo, Uruguay","Mantua, Montevideo, Uruguay",large,express,3,0,-34.8872037,-56.0578942,-34.8874709,-56.0509052,0.639573576,524
"Arocena, Montevideo, Uruguay","Mantua, Montevideo, Uruguay",large,express,3,1,-34.8872037,-56.0578942,-34.8874709,-56.0509052,0.639573576,1134
"Arocena, Montevideo, Uruguay","Mantua, Montevideo, Uruguay",large,express,3,2,-34.8872037,-56.0578942,-34.8874709,-56.0509052,0.639573576,1744
"Arocena, Montevideo, Uruguay","Mantua, Montevideo, Uruguay",large,express,3,3,-34.8872037,-56.0578942,-34.8874709,-56.0509052,0.639573576,2354
"Arocena, Montevideo, Uruguay","Mantua, Montevideo, Uruguay",large,express,3,4,-34.8872037,-56.0578942,-34.8874709,-56.0509052,0.639573576,2964
"Arocena, Montevideo, Uruguay","Mantua, Montevideo, Uruguay",large,express,3,5,-34.8872037,-56.0578942,-34.8874709,-56.0509052,0.639573576,3574
"Arocena, Montevideo, Uruguay","Mantua, Montevideo, Uruguay",large,express,4,0,-34.8872037,-56.0578942,-34.8874709,-56.0509052,0.639573576,625
"Arocena, Montevideo, Uruguay","Mantua, Montevideo, Uruguay",large,express,4,1,-34.8872037,-56.0578942,-34.8874709,-56.0509052,0.639573576,1235
"Arocena, Montevideo, Uruguay","Mantua, Montevideo, Uruguay",large,express,4,2,-34.8872037,-56.0578942,-34.8874709,-56.0509052,0.639573576,1845
"Arocena, Montevideo, Uruguay","Mantua, Montevideo, Uruguay",large,express,4,3,-34.8872037,-56.0578942,-34.8874709,-56.0509052,0.639573576,2455
"Arocena, Montevideo, Uruguay","Mantua, Montevideo, Uruguay",large,express,4,4,-34.8872037,-56.0578942,-34.8874709,-56.0509052,0.639573576,3065
"Arocena, Montevideo, Uruguay","Mantua, Montevideo, Uruguay",large,express,4,5,-34.8872037,-56.0578942,-34.8874709,-56.0509052,0.639573576,3675
"Arocena, Montevideo, Uruguay","Mantua, Montevideo, Uruguay",large,express,5,0,-34.8872037,-56.0578942,-34.8874709,-56.0509052,0.639573576,725
"Arocena, Montevideo, Uruguay","Mantua, Montevideo, Uruguay",large,express,5,1,-34.8872037,-56.0578942,-34.8874709,-56.0509052,0.639573576,1335
"Arocena, Montevideo, Uruguay","Mantua, Montevideo, Uruguay",large,express,5,2,-34.8872037,-56.0578942,-34.8874709,-56.0509052,0.639573576,1945
"Arocena, Montevideo, Uruguay","Mantua, Montevideo, Uruguay",large,express,5,3,-34.8872037,-56.0578942,-34.8874709,-56.0509052,0.639573576,2555
"Arocena, Montevideo, Uruguay","Mantua, Montevideo, Uruguay",large,express,5,4,-34.8872037,-56.0578942,-34.8874709,-56.0509052,0.639573576,3165
"Arocena, Montevideo, Uruguay","Mantua, Montevideo, Uruguay",large,express,5,5,-34.8872037,-56.0578942,-34.8874709,-56.0509052,0.639573576,3775
"Arocena, Montevideo, Uruguay","Mantua, Montevideo, Uruguay",large,express,6,0,-34.8872037,-56.0578942,-34.8874709,-56.0509052,0.639573576,826
"Arocena, Montevideo, Uruguay","Mantua, Montevideo, Uruguay",large,express,6,1,-34.8872037,-56.0578942,-34.8874709,-56.0509052,0.639573576,1436
"Arocena, Montevideo, Uruguay","Mantua, Montevideo, Uruguay",large,express,6,2,-34.8872037,-56.0578942,-34.8874709,-56.0509052,0.639573576,2046
"Arocena, Montevideo, Uruguay","Mantua, Montevideo, Uruguay",large,express,6,3,-34.8872037,-56.0578942,-34.8874709,-56.0509052,0.639573576,2656
"Arocena, Montevideo, Uruguay","Mantua, Montevideo, Uruguay",large,express,6,4,-34.8872037,-56.0578942,-34.8874709,-56.0509052,0.639573576,3266
"Arocena, Montevideo, Uruguay","Mantua, Montevideo, Uruguay",large,express,6,5,-34.8872037,-56.0578942,-34.8874709,-56.0509052,0.639573576,3876
"Arocena, Montevideo, Uruguay","Mantua, Montevideo, Uruguay",large,express,7,0,-34.8872037,-56.0578942,-34.8874709,-56.0509052,0.639573576,927
"Arocena, Montevideo, Uruguay","Mantua, Montevideo, Uruguay",large,express,7,1,-34.8872037,-56.0578942,-34.8874709,-56.0509052,0.639573576,1537
"Arocena, Montevideo, Uruguay","Mantua, Montevideo, Uruguay",large,express,7,2,-34.8872037,-56.0578942,-34.8874709,-56.0509052,0.639573576,2147
"Arocena, Montevideo, Uruguay","Mantua, Montevideo, Uruguay",large,express,7,3,-34.8872037,-56.0578942,-34.8874709,-56.0509052,0.639573576,2757
"Arocena, Montevideo, Uruguay","Mantua, Montevideo, Uruguay",large,express,7,4,-34.8872037,-56.0578942,-34.8874709,-56.0509052,0.639573576,3367
"Arocena, Montevideo, Uruguay","Mantua, Montevideo, Uruguay",large,express,7,5,-34.8872037,-56.0578942,-34.8874709,-56.0509052,0.639573576,3977
"Arocena, Montevideo, Uruguay","Mantua, Montevideo, Uruguay",large,express,8,0,-34.8872037,-56.0578942,-34.8874709,-56.0509052,0.639573576,1027
"Arocena, Montevideo, Uruguay","Mantua, Montevideo, Uruguay",large,express,8,1,-34.8872037,-56.0578942,-34.8874709,-56.0509052,0.639573576,1637
"Arocena, Montevideo, Uruguay","Mantua, Montevideo, Uruguay",large,express,8,2,-34.8872037,-56.0578942,-34.8874709,-56.0509052,0.639573576,2247
"Arocena, Montevideo, Uruguay","Mantua, Montevideo, Uruguay",large,express,8,3,-34.8872037,-56.0578942,-34.8874709,-56.0509052,0.639573576,2857
"Arocena, Montevideo, Uruguay","Mantua, Montevideo, Uruguay",large,express,8,4,-34.8872037,-56.0578942,-34.8874709,-56.0509052,0.639573576,3467
"Arocena, Montevideo, Uruguay","Mantua, Montevideo, Uruguay",large,express,8,5,-34.8872037,-56.0578942,-34.8874709,-56.0509052,0.639573576,4077
"Arocena, Montevideo, Uruguay","Mantua, Montevideo, Uruguay",large,express,9,0,-34.8872037,-56.0578942,-34.8874709,-56.0509052,0.639573576,1128
"Arocena, Montevideo, Uruguay","Mantua, Montevideo, Uruguay",large,express,9,1,-34.8872037,-56.0578942,-34.8874709,-56.0509052,0.639573576,1738
"Arocena, Montevideo, Uruguay","Mantua, Montevideo, Uruguay",large,express,9,2,-34.8872037,-56.0578942,-34.8874709,-56.0509052,0.639573576,2348
"Arocena, Montevideo, Uruguay","Mantua, Montevideo, Uruguay",large,express,9,3,-34.8872037,-56.0578942,-34.8874709,-56.0509052,0.639573576,2958
"Arocena, Montevideo, Uruguay","Mantua, Montevideo, Uruguay",large,express,9,4,-34.8872037,-56.0578942,-34.8874709,-56.0509052,0.639573576,3568
"Arocena, Montevideo, Uruguay","Mantua, Montevideo, Uruguay",large,express,9,5,-34.8872037,-56.0578942,-34.8874709,-56.0509052,0.639573576,4178
"Arocena, Montevideo, Uruguay","Mantua, Montevideo, Uruguay",large,express,10,0,-34.8872037,-56.0578942,-34.8874709,-56.0509052,0.639573576,1229
"Arocena, Montevideo, Uruguay","Mantua, Montevideo, Uruguay",large,express,10,1,-34.8872037,-56.0578942,-34.8874709,-56.0509052,0.639573576,1839
"Arocena, Montevideo, Uruguay","Mantua, Montevideo, Uruguay",large,express,10,2,-34.8872037,-56.0578942,-34.8874709,-56.0509052,0.639573576,2449
"Arocena, Montevideo, Uruguay","Mantua, Montevideo, Uruguay",large,express,10,3,-34.8872037,-56.0578942,-34.8874709,-56.0509052,0.639573576,3059
"Arocena, Montevideo, Uruguay","Mantua, Montevideo, Uruguay",large,express,10,4,-34.8872037,-56.0578942,-34.8874709,-56.0509052,0.639573576,3669
"Arocena, Montevideo, Uruguay","Mantua, Montevideo, Uruguay",large,express,10,5,-34.8872037,-56.0578942,-34.8874709,-56.0509052,0.639573576,4279
"Arocena, Montevideo, Uruguay","Mantua, Montevideo, Uruguay",large,coordinado,1,0,-34.8872037,-56.0578942,-34.8874709,-56.0509052,0.639573576,213
"Arocena, Montevideo, Uruguay","Mantua, Montevideo, Uruguay",large,coordinado,1,1,-34.8872037,-56.0578942,-34.8874709,-56.0509052,0.639573576,823
"Arocena, Montevideo, Uruguay","Mantua, Montevideo, Uruguay",large,coordinado,1,2,-34.8872037,-56.0578942,-34.8874709,-56.0509052,0.639573576,1433
"Arocena, Montevideo, Uruguay","Mantua, Montevideo, Uruguay",large,coordinado,1,3,-34.8872037,-56.0578942,-34.8874709,-56.0509052,0.639573576,2043
"Arocena, Montevideo, Uruguay","Mantua, Montevideo, Uruguay",large,coordinado,1,4,-34.8872037,-56.0578942,-34.8874709,-56.0509052,0.639573576,2653
"Arocena, Montevideo, Uruguay","Mantua, Montevideo, Uruguay",large,coordinado,1,5,-34.8872037,-56.0578942,-34.8874709,-56.0509052,0.639573576,3263
"Arocena, Montevideo, Uruguay","Mantua, Montevideo, Uruguay",large,coordinado,2,0,-34.8872037,-56.0578942,-34.8874709,-56.0509052,0.639573576,259
"Arocena, Montevideo, Uruguay","Mantua, Montevideo, Uruguay",large,coordinado,2,1,-34.8872037,-56.0578942,-34.8874709,-56.0509052,0.639573576,869
"Arocena, Montevideo, Uruguay","Mantua, Montevideo, Uruguay",large,coordinado,2,2,-34.8872037,-56.0578942,-34.8874709,-56.0509052,0.639573576,1479
"Arocena, Montevideo, Uruguay","Mantua, Montevideo, Uruguay",large,coordinado,2,3,-34.8872037,-56.0578942,-34.8874709,-56.0509052,0.639573576,2089
"Arocena, Montevideo, Uruguay","Mantua, Montevideo, Uruguay",large,coordinado,2,4,-34.8872037,-56.0578942,-34.8874709,-56.0509052,0.639573576,2699
"Arocena, Montevideo, Uruguay","Mantua, Montevideo, Uruguay",large,coordinado,2,5,-34.8872037,-56.0578942,-34.8874709,-56.0509052,0.639573576,3309
"Arocena, Montevideo, Uruguay","Mantua, Montevideo, Uruguay",large,coordinado,3,0,-34.8872037,-56.0578942,-34.8874709,-56.0509052,0.639573576,305
"Arocena, Montevideo, Uruguay","Mantua, Montevideo, Uruguay",large,coordinado,3,1,-34.8872037,-56.0578942,-34.8874709,-56.0509052,0.639573576,915
"Arocena, Montevideo, Uruguay","Mantua, Montevideo, Uruguay",large,coordinado,3,2,-34.8872037,-56.0578942,-34.8874709,-56.0509052,0.639573576,1525
"Arocena, Montevideo, Uruguay","Mantua, Montevideo, Uruguay",large,coordinado,3,3,-34.8872037,-56.0578942,-34.8874709,-56.0509052,0.639573576,2135
"Arocena, Montevideo, Uruguay","Mantua, Montevideo, Uruguay",large,coordinado,3,4,-34.8872037,-56.0578942,-34.8874709,-56.0509052,0.639573576,2745
"Arocena, Montevideo, Uruguay","Mantua, Montevideo, Uruguay",large,coordinado,3,5,-34.8872037,-56.0578942,-34.8874709,-56.0509052,0.639573576,3355
"Arocena, Montevideo, Uruguay","Mantua, Montevideo, Uruguay",large,coordinado,4,0,-34.8872037,-56.0578942,-34.8874709,-56.0509052,0.639573576,350
"Arocena, Montevideo, Uruguay","Mantua, Montevideo, Uruguay",large,coordinado,4,1,-34.8872037,-56.0578942,-34.8874709,-56.0509052,0.639573576,960
"Arocena, Montevideo, Uruguay","Mantua, Montevideo, Uruguay",large,coordinado,4,2,-34.8872037,-56.0578942,-34.8874709,-56.0509052,0.639573576,1570
"Arocena, Montevideo, Uruguay","Mantua, Montevideo, Uruguay",large,coordinado,4,3,-34.8872037,-56.0578942,-34.8874709,-56.0509052,0.639573576,2180
"Arocena, Montevideo, Uruguay","Mantua, Montevideo, Uruguay",large,coordinado,4,4,-34.8872037,-56.0578942,-34.8874709,-56.0509052,0.639573576,2790
"Arocena, Montevideo, Uruguay","Mantua, Montevideo, Uruguay",large,coordinado,4,5,-34.8872037,-56.0578942,-34.8874709,-56.0509052,0.639573576,3400
"Arocena, Montevideo, Uruguay","Mantua, Montevideo, Uruguay",large,coordinado,5,0,-34.8872037,-56.0578942,-34.8874709,-56.0509052,0.639573576,396
"Arocena, Montevideo, Uruguay","Mantua, Montevideo, Uruguay",large,coordinado,5,1,-34.8872037,-56.0578942,-34.8874709,-56.0509052,0.639573576,1006
"Arocena, Montevideo, Uruguay","Mantua, Montevideo, Uruguay",large,coordinado,5,2,-34.8872037,-56.0578942,-34.8874709,-56.0509052,0.639573576,1616
"Arocena, Montevideo, Uruguay","Mantua, Montevideo, Uruguay",large,coordinado,5,3,-34.8872037,-56.0578942,-34.8874709,-56.0509052,0.639573576,2226
"Arocena, Montevideo, Uruguay","Mantua, Montevideo, Uruguay",large,coordinado,5,4,-34.8872037,-56.0578942,-34.8874709,-56.0509052,0.639573576,2836
"Arocena, Montevideo, Uruguay","Mantua, Montevideo, Uruguay",large,coordinado,5,5,-34.8872037,-56.0578942,-34.8874709,-56.0509052,0.639573576,3446
"Arocena, Montevideo, Uruguay","Mantua, Montevideo, Uruguay",large,coordinado,6,0,-34.8872037,-56.0578942,-34.8874709,-56.0509052,0.639573576,442
"Arocena, Montevideo, Uruguay","Mantua, Montevideo, Uruguay",large,coordinado,6,1,-34.8872037,-56.0578942,-34.8874709,-56.0509052,0.639573576,1052
"Arocena, Montevideo, Uruguay","Mantua, Montevideo, Uruguay",large,coordinado,6,2,-34.8872037,-56.0578942,-34.8874709,-56.0509052,0.639573576,1662
"Arocena, Montevideo, Uruguay","Mantua, Montevideo, Uruguay",large,coordinado,6,3,-34.8872037,-56.0578942,-34.8874709,-56.0509052,0.639573576,2272
"Arocena, Montevideo, Uruguay","Mantua, Montevideo, Uruguay",large,coordinado,6,4,-34.8872037,-56.0578942,-34.8874709,-56.0509052,0.639573576,2882
"Arocena, Montevideo, Uruguay","Mantua, Montevideo, Uruguay",large,coordinado,6,5,-34.8872037,-56.0578942,-34.8874709,-56.0509052,0.639573576,3492
"Arocena, Montevideo, Uruguay","Mantua, Montevideo, Uruguay",large,coordinado,7,0,-34.8872037,-56.0578942,-34.8874709,-56.0509052,0.639573576,488
"Arocena, Montevideo, Uruguay","Mantua, Montevideo, Uruguay",large,coordinado,7,1,-34.8872037,-56.0578942,-34.8874709,-56.0509052,0.639573576,1098
"Arocena, Montevideo, Uruguay","Mantua, Montevideo, Uruguay",large,coordinado,7,2,-34.8872037,-56.0578942,-34.8874709,-56.0509052,0.639573576,1708
"Arocena, Montevideo, Uruguay","Mantua, Montevideo, Uruguay",large,coordinado,7,3,-34.8872037,-56.0578942,-34.8874709,-56.0509052,0.639573576,2318
"Arocena, Montevideo, Uruguay","Mantua, Montevideo, Uruguay",large,coordinado,7,4,-34.8872037,-56.0578942,-34.8874709,-56.0509052,0.639573576,2928
"Arocena, Montevideo, Uruguay","Mantua, Montevideo, Uruguay",large,coordinado,7,5,-34.8872037,-56.0578942,-34.8874709,-56.0509052,0.639573576,3538
"Arocena, Montevideo, Uruguay","Mantua, Montevideo, Uruguay",large,coordinado,8,0,-34.8872037,-56.0578942,-34.8874709,-56.0509052,0.639573576,533
"Arocena, Montevideo, Uruguay","Mantua, Montevideo, Uruguay",large,coordinado,8,1,-34.8872037,-56.0578942,-34.8874709,-56.0509052,0.639573576,1143
"Arocena, Montevideo, Uruguay","Mantua, Montevideo, Uruguay",large,coordinado,8,2,-34.8872037,-56.0578942,-34.8874709,-56.0509052,0.639573576,1753
"Arocena, Montevideo, Uruguay","Mantua, Montevideo, Uruguay",large,coordinado,8,3,-34.8872037,-56.0578942,-34.8874709,-56.0509052,0.639573576,2363
"Arocena, Montevideo, Uruguay","Mantua, Montevideo, Uruguay",large,coordinado,8,4,-34.8872037,-56.0578942,-34.8874709,-56.0509052,0.639573576,2973
"Arocena, Montevideo, Uruguay","Mantua, Montevideo, Uruguay",large,coordinado,8,5,-34.8872037,-56.0578942,-34.8874709,-56.0509052,0.639573576,3583
"Arocena, Montevideo, Uruguay","Mantua, Montevideo, Uruguay",large,coordinado,9,0,-34.8872037,-56.0578942,-34.8874709,-56.0509052,0.639573576,579
"Arocena, Montevideo, Uruguay","Mantua, Montevideo, Uruguay",large,coordinado,9,1,-34.8872037,-56.0578942,-34.8874709,-56.0509052,0.639573576,1189
"Arocena, Montevideo, Uruguay","Mantua, Montevideo, Uruguay",large,coordinado,9,2,-34.8872037,-56.0578942,-34.8874709,-56.0509052,0.639573576,1799
"Arocena, Montevideo, Uruguay","Mantua, Montevideo, Uruguay",large,coordinado,9,3,-34.8872037,-56.0578942,-34.8874709,-56.0509052,0.639573576,2409
"Arocena, Montevideo, Uruguay","Mantua, Montevideo, Uruguay",large,coordinado,9,4,-34.8872037,-56.0578942,-34.8874709,-56.0509052,0.639573576,3019
"Arocena, Montevideo, Uruguay","Mantua, Montevideo, Uruguay",large,coordinado,9,5,-34.8872037,-56.0578942,-34.8874709,-56.0509052,0.639573576,3629
"Arocena, Montevideo, Uruguay","Mantua, Montevideo, Uruguay",large,coordinado,10,0,-34.8872037,-56.0578942,-34.8874709,-56.0509052,0.639573576,625
"Arocena, Montevideo, Uruguay","Mantua, Montevideo, Uruguay",large,coordinado,10,1,-34.8872037,-56.0578942,-34.8874709,-56.0509052,0.639573576,1235
"Arocena, Montevideo, Uruguay","Mantua, Montevideo, Uruguay",large,coordinado,10,2,-34.8872037,-56.0578942,-34.8874709,-56.0509052,0.639573576,1845
"Arocena, Montevideo, Uruguay","Mantua, Montevideo, Uruguay",large,coordinado,10,3,-34.8872037,-56.0578942,-34.8874709,-56.0509052,0.639573576,2455
"Arocena, Montevideo, Uruguay","Mantua, Montevideo, Uruguay",large,coordinado,10,4,-34.8872037,-56.0578942,-34.8874709,-56.0509052,0.639573576,3065
"Arocena, Montevideo, Uruguay","Mantua, Montevideo, Uruguay",large,coordinado,10,5,-34.8872037,-56.0578942,-34.8874709,-56.0509052,0.639573576,3675